条目ID,登记名称,目录名称,目录状态,卷,部,目录分类,条目类型,研究深度,登记状态,证据截止日,Jev实际模型,Jev推理版本,Jev示例版本,运行时间UTC,摘要SHA256,Mapping文件,Jev原始结果文件,四气选择,四气选择置信度,四气_寒_概率,四气_凉_概率,四气_平_概率,四气_温_概率,四气_热_概率,五味_酸_Noul得分,五味_苦_Noul得分,五味_甘_Noul得分,五味_辛_Noul得分,五味_咸_Noul得分,归经_心经_Noul得分,归经_肝经_Noul得分,归经_脾经_Noul得分,归经_肺经_Noul得分,归经_肾经_Noul得分,心经_主方向选择,心经_方向选择置信度,心经_阴-_概率,心经_阴+_概率,心经_阳-_概率,心经_阳+_概率,肝经_主方向选择,肝经_方向选择置信度,肝经_阴-_概率,肝经_阴+_概率,肝经_阳-_概率,肝经_阳+_概率,脾经_主方向选择,脾经_方向选择置信度,脾经_阴-_概率,脾经_阴+_概率,脾经_阳-_概率,脾经_阳+_概率,肺经_主方向选择,肺经_方向选择置信度,肺经_阴-_概率,肺经_阴+_概率,肺经_阳-_概率,肺经_阳+_概率,肾经_主方向选择,肾经_方向选择置信度,肾经_阴-_概率,肾经_阴+_概率,肾经_阳-_概率,肾经_阳+_概率
pearl-milk-tea,珍珠奶茶,珍珠奶茶,正式目录,卷一,饮品部,茶饮新制,composite_food,R2,summary_frozen,2026-09-23,jev-1.13.0,jev-tcm-reasoning-v0.4,jev-tcm-pilot-fixtures-v0.4,2026-09-24T07:09:08.586419+00:00,3169e43e2a75107e6bab3b7d0d0854836cc1b62579dbf7749bc246254c61a740,references/entries/pearl-milk-tea/mapping.md,qa/jev-ten-batch/raw/pearl-milk-tea.json,平,0.93,0,0.05,0.95,0,0,0.05,0.07,0.58,0.06,0.04,0.06,0.05,0.13,0.06,0.05,阳-,0.23,0.21,0.15,0.42,0.22,阳-,0.27,0.37,0.06,0.46,0.11,阴-,0.22,0.42,0.18,0.04,0.36,阳-,0.15,0.31,0.24,0.36,0.09,阴-,0.31,0.49,0.28,0.13,0.1
fresh-milk-tea,鲜奶茶,鲜奶茶,正式目录,卷一,饮品部,茶饮新制,beverage,R1,summary_frozen_R1,2026-09-24,jev-1.13.0,jev-tcm-reasoning-v0.4,jev-tcm-pilot-fixtures-v0.4,2026-09-24T08:12:57.083424+00:00,9cdbd5a5737747435b72751fc41fa24370964e1b032f399bfe30694b6a05bc52,references/entries/fresh-milk-tea/mapping.md,qa/jev-tea-batch/raw/fresh-milk-tea.json,平,0.59,0.26,0.06,0.67,0.01,0,0.07,0.47,0.35,0.08,0.05,0.09,0.07,0.11,0.13,0.06,阳-,0.68,0.06,0.08,0.76,0.1,阳-,0.72,0.17,0.02,0.79,0.02,阴-,0.09,0.32,0.29,0.18,0.21,阳-,0.71,0.13,0.06,0.79,0.02,阳-,0.23,0.32,0.2,0.42,0.06
milk-foam-tea,奶盖茶,奶盖茶,正式目录,卷一,饮品部,茶饮新制,beverage,R1,summary_frozen_R1,2026-09-24,jev-1.13.0,jev-tcm-reasoning-v0.4,jev-tcm-pilot-fixtures-v0.4,2026-09-24T08:12:57.533938+00:00,4b03db58ca12f67b43692468354d83c70a73cfe7d4581b1029323788b0c28353,references/entries/milk-foam-tea/mapping.md,qa/jev-tea-batch/raw/milk-foam-tea.json,平,0.84,0.11,0.02,0.87,0,0,0.07,0.31,0.37,0.08,0.07,0.06,0.06,0.09,0.13,0.06,阳-,0.69,0.12,0.05,0.76,0.07,阳-,0.67,0.21,0.01,0.76,0.02,阴-,0.25,0.43,0.15,0.21,0.21,阳-,0.79,0.13,0.02,0.84,0.01,阳-,0.22,0.4,0.11,0.42,0.07
fruit-tea,水果茶,水果茶,正式目录,卷一,饮品部,茶饮新制,beverage,R1,summary_frozen_R1,2026-09-24,jev-1.13.0,jev-tcm-reasoning-v0.4,jev-tcm-pilot-fixtures-v0.4,2026-09-24T08:12:57.997165+00:00,3ac047d5d3604ccf95bd22b98738d866540cdd9e889badf5629f64b635f9e813,references/entries/fruit-tea/mapping.md,qa/jev-tea-batch/raw/fruit-tea.json,平,0.66,0.22,0.05,0.73,0,0,0.19,0.38,0.4,0.08,0.04,0.06,0.07,0.09,0.13,0.05,阳-,0.76,0.1,0.03,0.82,0.05,阳-,0.61,0.23,0.05,0.71,0.01,阴-,0.38,0.53,0.1,0.24,0.13,阳-,0.72,0.13,0.07,0.79,0.01,阳-,0.25,0.4,0.11,0.44,0.05
cheese-tea,芝士茶,芝士茶,正式目录,卷一,饮品部,茶饮新制,beverage,R1,summary_frozen_R1,2026-09-24,jev-1.13.0,jev-tcm-reasoning-v0.4,jev-tcm-pilot-fixtures-v0.4,2026-09-24T08:12:58.420844+00:00,c735631df206eac06927a67439c5b49c9d1182af8cb8a24a0995058bf2c9e47e,references/entries/cheese-tea/mapping.md,qa/jev-tea-batch/raw/cheese-tea.json,平,0.4,0.38,0.1,0.52,0,0,0.07,0.51,0.37,0.08,0.15,0.07,0.08,0.1,0.17,0.06,阳-,0.77,0.09,0.03,0.83,0.05,阳-,0.72,0.18,0.01,0.79,0.02,阴-,0.39,0.54,0.1,0.23,0.13,阳-,0.82,0.11,0.02,0.86,0.01,阳-,0.24,0.41,0.11,0.43,0.05
coconut-milk-tea,椰乳茶,椰乳茶,正式目录,卷一,饮品部,茶饮新制,beverage,R1,summary_frozen_R1,2026-09-24,jev-1.13.0,jev-tcm-reasoning-v0.4,jev-tcm-pilot-fixtures-v0.4,2026-09-24T08:12:58.865083+00:00,486058ee8e0799ed78d25f576b4b768a3573706d25aef835677b9add062e7296,references/entries/coconut-milk-tea/mapping.md,qa/jev-tea-batch/raw/coconut-milk-tea.json,平,0.93,0.05,0.01,0.94,0,0,0.06,0.28,0.26,0.07,0.06,0.06,0.06,0.08,0.12,0.06,阳-,0.63,0.18,0.04,0.72,0.06,阳-,0.48,0.3,0.05,0.61,0.04,阴-,0.24,0.43,0.11,0.23,0.23,阳-,0.72,0.15,0.04,0.79,0.02,阴-,0.25,0.44,0.17,0.31,0.08
oat-milk-tea,燕麦奶茶,燕麦奶茶,正式目录,卷一,饮品部,茶饮新制,beverage,R1,summary_frozen_R1,2026-09-24,jev-1.13.0,jev-tcm-reasoning-v0.4,jev-tcm-pilot-fixtures-v0.4,2026-09-24T08:12:59.293325+00:00,9e0adf8c1c0cced1405ce62ae92c619cd520993613bcda2d5c0a55cc6de82847,references/entries/oat-milk-tea/mapping.md,qa/jev-tea-batch/raw/oat-milk-tea.json,平,0.55,0.29,0.07,0.64,0,0,0.06,0.46,0.25,0.08,0.04,0.08,0.07,0.1,0.12,0.06,阳-,0.85,0.07,0.01,0.89,0.03,阳-,0.78,0.14,0.01,0.84,0.01,阴-,0.13,0.35,0.07,0.26,0.32,阳-,0.83,0.09,0.03,0.87,0.01,阳-,0.42,0.33,0.06,0.5599999999999999,0.05
brown-sugar-milk-tea,黑糖奶茶,黑糖奶茶,正式目录,卷一,饮品部,茶饮新制,beverage,R1,summary_frozen_R1,2026-09-24,jev-1.13.0,jev-tcm-reasoning-v0.4,jev-tcm-pilot-fixtures-v0.4,2026-09-24T08:12:59.755021+00:00,84901692201872fcb5f6062cac0ebe3ffbb9fbd29acd50fdf4e367564c473870,references/entries/brown-sugar-milk-tea/mapping.md,qa/jev-tea-batch/raw/brown-sugar-milk-tea.json,平,0.75,0.14,0.03,0.8,0.02,0.01,0.06,0.37,0.46,0.09,0.04,0.08,0.06,0.1,0.15,0.06,阳-,0.65,0.08,0.06,0.73,0.13,阳-,0.6,0.22,0.02,0.7,0.06,阳+,0.22,0.25,0.17,0.16,0.42,阳-,0.81,0.09,0.03,0.86,0.02,阴-,0.14,0.36,0.15,0.29,0.2
matcha-latte,抹茶拿铁,抹茶拿铁,正式目录,卷一,饮品部,茶饮新制,beverage,R1,summary_frozen_R1,2026-09-24,jev-1.13.0,jev-tcm-reasoning-v0.4,jev-tcm-pilot-fixtures-v0.4,2026-09-24T08:13:00.181989+00:00,2564079866d64614ae91413c8a36eb71534a77b1bbd346e3388a878ec21d19ea,references/entries/matcha-latte/mapping.md,qa/jev-tea-batch/raw/matcha-latte.json,平,0.39,0.37,0.11,0.52,0,0,0.06,0.58,0.36,0.06,0.04,0.1,0.09,0.1,0.12,0.06,阳-,0.82,0.03,0.03,0.87,0.07,阳-,0.84,0.1,0.01,0.88,0.01,阴-,0.15,0.36,0.12,0.33,0.19,阳-,0.79,0.1,0.04,0.85,0.01,阳-,0.44,0.31,0.08,0.58,0.03
hojicha-latte,焙茶拿铁,焙茶拿铁,正式目录,卷一,饮品部,茶饮新制,beverage,R1,summary_frozen_R1,2026-09-24,jev-1.13.0,jev-tcm-reasoning-v0.4,jev-tcm-pilot-fixtures-v0.4,2026-09-24T08:13:00.622640+00:00,8c640a0a1464544b7a0ed81f996b8d8f87ecf03413219cf7d3216590f51a9656,references/entries/hojicha-latte/mapping.md,qa/jev-tea-batch/raw/hojicha-latte.json,平,0.5,0.3,0.04,0.6,0.06,0,0.07,0.55,0.29,0.08,0.05,0.07,0.08,0.08,0.1,0.06,阳-,0.8,0.06,0.02,0.85,0.07,阳-,0.72,0.15,0.01,0.79,0.05,阴-,0.13,0.33999999999999997,0.06,0.28,0.32,阳-,0.68,0.14,0.04,0.76,0.06,阳-,0.44,0.26,0.05,0.57,0.12
bottled-unsweetened-tea,无糖瓶装茶,无糖瓶装茶,正式目录,卷一,饮品部,茶饮新制,beverage,R1,summary_frozen_R1,2026-09-24,jev-1.13.0,jev-tcm-reasoning-v0.4,jev-tcm-pilot-fixtures-v0.4,2026-09-24T08:13:01.048258+00:00,fbcafb68fd65cfbf7f7f2a5f080bc0dad7064feda829ea4d5933f86107a0fa9a,references/entries/bottled-unsweetened-tea/mapping.md,qa/jev-tea-batch/raw/bottled-unsweetened-tea.json,寒,0.49,0.59,0.14,0.27,0,0,0.06,0.65,0.07,0.08,0.04,0.07,0.1,0.08,0.14,0.07,阳-,0.9,0.06,0.01,0.92,0.01,阳-,0.81,0.13,0.01,0.86,0,阴-,0.44,0.59,0.01,0.35,0.05,阳-,0.82,0.1,0.02,0.87,0.01,阳-,0.43,0.38,0.04,0.57,0.01
cold-brew-tea,冷泡茶,冷泡茶,正式目录,卷一,饮品部,茶饮新制,beverage,R1,summary_frozen_R1,2026-09-24,jev-1.13.0,jev-tcm-reasoning-v0.4,jev-tcm-pilot-fixtures-v0.4,2026-09-24T08:46:39.798769+00:00,fc79e81156fb59d28e57f3d63abadd1f8fd2aa3ad2d79033dbf2970b7de9c467,references/entries/cold-brew-tea/mapping.md,qa/jev-tea-coffee-batch/raw/cold-brew-tea.json,平,0.94,0.01,0.04,0.95,0,0,0.06,0.2,0.1,0.09,0.04,0.06,0.06,0.06,0.08,0.05,阳-,0.59,0.19,0.06,0.7,0.05,阳-,0.58,0.27,0.02,0.69,0.02,阴-,0.45,0.59,0.08,0.18,0.15,阳-,0.29,0.29,0.22,0.47000000000000003,0.02,阴-,0.36,0.52,0.12,0.33,0.03
sparkling-tea,气泡茶,气泡茶,正式目录,卷一,饮品部,茶饮新制,beverage,R1,summary_frozen_R1,2026-09-24,jev-1.13.0,jev-tcm-reasoning-v0.4,jev-tcm-pilot-fixtures-v0.4,2026-09-24T08:46:40.125611+00:00,1b606c8cb85e0af77b8d5f0ca6a717360b0db6ea0f912bd93e453cb6e4133048,references/entries/sparkling-tea/mapping.md,qa/jev-tea-coffee-batch/raw/sparkling-tea.json,平,0.99,0,0.01,0.99,0,0,0.13,0.14,0.1,0.07,0.04,0.05,0.05,0.05,0.06,0.04,阳-,0.46,0.25,0.04,0.58,0.13,阳-,0.51,0.31,0.02,0.64,0.03,阴-,0.42,0.57,0.05,0.11,0.27,阳-,0.29,0.34,0.15,0.45999999999999996,0.05,阴-,0.41,0.56,0.12,0.25,0.07
espresso,意式浓缩咖啡,意式浓缩咖啡,正式目录,卷一,饮品部,咖啡诸品,beverage,R1,summary_frozen_R1,2026-09-24,jev-1.13.0,jev-tcm-reasoning-v0.4,jev-tcm-pilot-fixtures-v0.4,2026-09-24T08:46:40.865814+00:00,2289b05c022cc50d9a60ab2c655b9f0f7d608dd6a03e838f4b0effdc1424f896,references/entries/espresso/mapping.md,qa/jev-tea-coffee-batch/raw/espresso.json,平,0.92,0,0,0.94,0.04,0.02,0.05,0.25,0.06,0.13,0.04,0.13,0.06,0.06,0.06,0.06,阳+,0.66,0.05,0,0.2,0.75,阳-,0.26,0.23,0.01,0.45,0.31,阳+,0.28,0.37,0.01,0.16,0.46,阳+,0.22,0.27,0.02,0.29,0.42,阴-,0.24,0.43,0.02,0.21,0.34
americano,美式咖啡,美式咖啡,正式目录,卷一,饮品部,咖啡诸品,beverage,R1,summary_frozen_R1,2026-09-24,jev-1.13.0,jev-tcm-reasoning-v0.4,jev-tcm-pilot-fixtures-v0.4,2026-09-24T08:46:41.291075+00:00,9c1809b2d822a336c38c335c7a2f1f0c25b701f8992c9490d5159a23c72222cd,references/entries/americano/mapping.md,qa/jev-tea-coffee-batch/raw/americano.json,平,0.94,0.01,0.01,0.94,0.03,0.01,0.05,0.26,0.06,0.11,0.04,0.11,0.06,0.05,0.06,0.05,阳+,0.56,0.07,0.01,0.26,0.66,阳-,0.28,0.3,0.01,0.46,0.23,阴-,0.19,0.39,0.01,0.21,0.39,阴-,0.15,0.36,0.03,0.3,0.31,阴-,0.34,0.5,0.02,0.2,0.28
hand-pour-coffee,手冲咖啡,手冲咖啡,正式目录,卷一,饮品部,咖啡诸品,beverage,R1,summary_frozen_R1,2026-09-24,jev-1.13.0,jev-tcm-reasoning-v0.4,jev-tcm-pilot-fixtures-v0.4,2026-09-24T08:46:41.676026+00:00,53595cdda7a651c6429c02bb4fac8b74a4803abeb5b3f3789d7f0a155ed85247,references/entries/hand-pour-coffee/mapping.md,qa/jev-tea-coffee-batch/raw/hand-pour-coffee.json,平,0.92,0,0.01,0.94,0.04,0.01,0.06,0.3,0.06,0.11,0.04,0.14,0.06,0.06,0.07,0.06,阳+,0.65,0.07,0.01,0.19,0.73,阳-,0.34,0.31,0.01,0.51,0.17,阴-,0.28,0.46,0.01,0.16,0.37,阳+,0.19,0.3,0.03,0.29,0.38,阴-,0.3,0.48,0.02,0.22,0.28
cold-brew-coffee,冷萃咖啡,冷萃咖啡,正式目录,卷一,饮品部,咖啡诸品,beverage,R1,summary_frozen_R1,2026-09-24,jev-1.13.0,jev-tcm-reasoning-v0.4,jev-tcm-pilot-fixtures-v0.4,2026-09-24T08:46:42.059615+00:00,203f80b4281a45317d47bba292a298165569232556a0d2849dccaf60cc2c0590,references/entries/cold-brew-coffee/mapping.md,qa/jev-tea-coffee-batch/raw/cold-brew-coffee.json,平,0.95,0,0.03,0.97,0,0,0.1,0.21,0.07,0.1,0.05,0.11,0.06,0.06,0.06,0.05,阳+,0.46,0.1,0.01,0.3,0.59,阳-,0.33,0.32,0.01,0.5,0.17,阴-,0.28,0.47000000000000003,0.02,0.19,0.32,阴-,0.18,0.39,0.04,0.34,0.23,阴-,0.31,0.48,0.04,0.3,0.18
nitro-cold-brew,氮气冷萃,氮气冷萃,正式目录,卷一,饮品部,咖啡诸品,beverage,R1,summary_frozen_R1,2026-09-24,jev-1.13.0,jev-tcm-reasoning-v0.4,jev-tcm-pilot-fixtures-v0.4,2026-09-24T08:46:42.411338+00:00,8c475b9afc6e8207f562329ce07a075006f70616edacce73ebeed676ea27c2f3,references/entries/nitro-cold-brew/mapping.md,qa/jev-tea-coffee-batch/raw/nitro-cold-brew.json,平,0.97,0,0.01,0.98,0.01,0,0.05,0.18,0.07,0.09,0.04,0.11,0.05,0.05,0.05,0.05,阳+,0.58,0.07,0.01,0.23,0.69,阳-,0.39,0.28,0.01,0.54,0.17,阴-,0.21,0.39999999999999997,0.02,0.22,0.36,阳-,0.2,0.3,0.03,0.4,0.27,阴-,0.26,0.45,0.03,0.34,0.18
latte,拿铁,拿铁,正式目录,卷一,饮品部,咖啡诸品,beverage,R1,summary_frozen_R1,2026-09-24,jev-1.13.0,jev-tcm-reasoning-v0.4,jev-tcm-pilot-fixtures-v0.4,2026-09-24T08:46:42.804092+00:00,f3e07050e9a5f717c476d00a08935a430ed08f6506471524d0c8c498a50eb3d5,references/entries/latte/mapping.md,qa/jev-tea-coffee-batch/raw/latte.json,平,0.95,0,0,0.96,0.03,0.01,0.05,0.18,0.18,0.1,0.05,0.1,0.05,0.06,0.06,0.05,阳+,0.65,0.05,0.02,0.19,0.74,阳-,0.4,0.22,0.02,0.55,0.2,阴-,0.12,0.34,0.24,0.09,0.33,阳-,0.15,0.26,0.08,0.37,0.29,阴-,0.17,0.38,0.14,0.25,0.23
cappuccino,卡布奇诺,卡布奇诺,正式目录,卷一,饮品部,咖啡诸品,beverage,R1,summary_frozen_R1,2026-09-24,jev-1.13.0,jev-tcm-reasoning-v0.4,jev-tcm-pilot-fixtures-v0.4,2026-09-24T08:46:43.181904+00:00,5972b40f56692842b6ea016dc903983b013fdbb3d9196ab4da4a82a18d46b357,references/entries/cappuccino/mapping.md,qa/jev-tea-coffee-batch/raw/cappuccino.json,平,0.88,0,0,0.91,0.08,0.01,0.05,0.19,0.16,0.1,0.04,0.11,0.05,0.05,0.05,0.05,阳+,0.68,0.04,0.01,0.19,0.76,阳-,0.34,0.23,0.02,0.51,0.24,阳+,0.17,0.28,0.24,0.1,0.38,阳+,0.13,0.25,0.06,0.33,0.36,阳+,0.15,0.34,0.07,0.23,0.36
mocha,摩卡,摩卡,正式目录,卷一,饮品部,咖啡诸品,beverage,R1,summary_frozen_R1,2026-09-24,jev-1.13.0,jev-tcm-reasoning-v0.4,jev-tcm-pilot-fixtures-v0.4,2026-09-24T08:46:43.562135+00:00,1f168edc233d586bc85fae8d40d794033fe1ba7bbe458cd4bbdc121f049a6e17,references/entries/mocha/mapping.md,qa/jev-tea-coffee-batch/raw/mocha.json,平,0.95,0,0,0.96,0.03,0.01,0.05,0.19,0.24,0.08,0.04,0.09,0.05,0.05,0.05,0.05,阳+,0.64,0.07,0.01,0.19,0.73,阳-,0.33,0.27,0.02,0.49,0.22,阳+,0.19,0.38,0.14,0.09,0.39,阳-,0.19,0.24,0.05,0.39,0.32,阴-,0.17,0.37,0.08,0.25,0.3
caramel-macchiato,焦糖玛奇朵,焦糖玛奇朵,正式目录,卷一,饮品部,咖啡诸品,beverage,R1,summary_frozen_R1,2026-09-24,jev-1.13.0,jev-tcm-reasoning-v0.4,jev-tcm-pilot-fixtures-v0.4,2026-09-24T09:30:29.158701+00:00,9bcbedf18b64e6a2f607d531b6567178c0d225ce82b9dcc6323cb1b81af2688d,references/entries/caramel-macchiato/mapping.md,qa/jev-coffee-soda-batch/raw/caramel-macchiato.json,平,0.93,0,0,0.94,0.05,0.01,0.05,0.21,0.43,0.09,0.04,0.09,0.05,0.06,0.06,0.05,阳+,0.68,0.05,0.02,0.17,0.76,阳-,0.38,0.24,0.02,0.54,0.2,阳+,0.19,0.3,0.23,0.09,0.38,阳+,0.13,0.26,0.07,0.33,0.33999999999999997,阳+,0.13,0.3,0.1,0.25,0.35
oat-latte,燕麦拿铁,燕麦拿铁,正式目录,卷一,饮品部,咖啡诸品,beverage,R1,summary_frozen_R1,2026-09-24,jev-1.13.0,jev-tcm-reasoning-v0.4,jev-tcm-pilot-fixtures-v0.4,2026-09-24T09:30:29.430188+00:00,d99600b90250a767131d303b794c2ceac83139e265beba9288715cade2d66a68,references/entries/oat-latte/mapping.md,qa/jev-coffee-soda-batch/raw/oat-latte.json,平,0.97,0,0,0.98,0.02,0,0.05,0.17,0.17,0.09,0.07,0.08,0.05,0.08,0.05,0.04,阳+,0.46,0.1,0.02,0.28,0.6,阳-,0.37,0.3,0.04,0.53,0.13,阳+,0.38,0.31,0.12,0.03,0.54,阳-,0.13,0.29,0.18,0.35,0.18,阴-,0.31,0.49,0.16,0.19,0.16
coconut-latte,椰乳拿铁,椰乳拿铁,正式目录,卷一,饮品部,咖啡诸品,beverage,R1,summary_frozen_R1,2026-09-24,jev-1.13.0,jev-tcm-reasoning-v0.4,jev-tcm-pilot-fixtures-v0.4,2026-09-24T09:30:29.707398+00:00,ce28b19256938b9eb1ff0c4f83cf283b0cce34e50f3e643c18978f2538d8c1dd,references/entries/coconut-latte/mapping.md,qa/jev-coffee-soda-batch/raw/coconut-latte.json,平,0.99,0,0,1,0,0,0.05,0.13,0.15,0.08,0.04,0.06,0.05,0.06,0.05,0.04,阳+,0.24,0.16,0.05,0.36,0.43,阳-,0.21,0.38,0.1,0.41,0.11,阴-,0.23,0.42,0.19,0.06,0.33,阳-,0.14,0.35,0.14,0.35,0.16,阴-,0.25,0.44,0.29,0.13,0.14
instant-coffee,速溶咖啡,速溶咖啡,正式目录,卷一,饮品部,咖啡诸品,beverage,R1,summary_frozen_R1,2026-09-24,jev-1.13.0,jev-tcm-reasoning-v0.4,jev-tcm-pilot-fixtures-v0.4,2026-09-24T09:30:30.021910+00:00,5497d0f5bc16f9257791e1465e0d5acd6d7e8de7d61515caa0d0c15d861aaeaa,references/entries/instant-coffee/mapping.md,qa/jev-coffee-soda-batch/raw/instant-coffee.json,平,0.92,0,0,0.94,0.05,0.01,0.06,0.24,0.09,0.12,0.05,0.1,0.06,0.06,0.06,0.05,阳+,0.67,0.07,0,0.17,0.76,阳-,0.2,0.26,0.01,0.4,0.33,阳+,0.3,0.37,0.01,0.15,0.47,阳+,0.19,0.31,0.02,0.28,0.39,阳+,0.23,0.4,0.02,0.15,0.43
three-in-one-coffee,三合一咖啡,三合一咖啡,正式目录,卷一,饮品部,咖啡诸品,beverage,R1,summary_frozen_R1,2026-09-24,jev-1.13.0,jev-tcm-reasoning-v0.4,jev-tcm-pilot-fixtures-v0.4,2026-09-24T09:30:30.292053+00:00,71e0c9dc0ce909df7083f9822ff5359ebf136397f4ba7c6d83b7fe09de0f7bb5,references/entries/three-in-one-coffee/mapping.md,qa/jev-coffee-soda-batch/raw/three-in-one-coffee.json,平,0.94,0,0,0.95,0.04,0.01,0.05,0.21,0.41,0.15,0.05,0.08,0.07,0.08,0.06,0.06,阳+,0.56,0.12,0.01,0.2,0.67,阳-,0.23,0.26,0.01,0.43,0.3,阳+,0.3,0.39,0.08,0.06,0.47,阳+,0.27,0.3,0.03,0.22,0.45,阳+,0.26,0.4,0.02,0.14,0.44
decaf-coffee,无咖啡因咖啡,无咖啡因咖啡,正式目录,卷一,饮品部,咖啡诸品,beverage,R1,summary_frozen_R1,2026-09-24,jev-1.13.0,jev-tcm-reasoning-v0.4,jev-tcm-pilot-fixtures-v0.4,2026-09-24T09:30:30.566070+00:00,9dbf254d5af4b741c260e5525097d384173a3ddab43185d74406ba2cff8a1664,references/entries/decaf-coffee/mapping.md,qa/jev-coffee-soda-batch/raw/decaf-coffee.json,平,0.96,0.01,0,0.97,0.01,0.01,0.07,0.2,0.07,0.09,0.05,0.12,0.06,0.06,0.06,0.05,阳-,0.53,0.08,0.01,0.65,0.26,阳-,0.56,0.19,0.01,0.68,0.12,阴-,0.23,0.42,0.02,0.21,0.35,阳-,0.23,0.33,0.05,0.43,0.19,阴-,0.32,0.49,0.03,0.3,0.18
cola,可乐,可乐,正式目录,卷一,饮品部,碳酸与功能饮品,beverage,R1,summary_frozen_R1,2026-09-24,jev-1.13.0,jev-tcm-reasoning-v0.4,jev-tcm-pilot-fixtures-v0.4,2026-09-24T09:30:30.795359+00:00,6d765314058789a1080d2b2416b775432d34bdfd2ef071396678ee2b6061d1f2,references/entries/cola/mapping.md,qa/jev-coffee-soda-batch/raw/cola.json,平,0.93,0.02,0.03,0.95,0,0,0.33,0.06,0.5,0.06,0.05,0.07,0.05,0.07,0.05,0.05,阳+,0.21,0.19,0.03,0.37,0.41,阳-,0.33,0.41,0.02,0.49,0.08,阴-,0.37,0.54,0.09,0.13,0.24,阴-,0.26,0.45,0.14,0.33,0.08,阴-,0.46,0.6,0.1,0.23,0.07
sugar-free-cola,无糖可乐,无糖可乐,正式目录,卷一,饮品部,碳酸与功能饮品,beverage,R1,summary_frozen_R1,2026-09-24,jev-1.13.0,jev-tcm-reasoning-v0.4,jev-tcm-pilot-fixtures-v0.4,2026-09-24T07:09:11.255953+00:00,f58d205f3de210b5ccca3fc6bc0c796fd9a4d3ac16a5d6bd031b548a9c06e1f5,references/entries/sugar-free-cola/mapping.md,qa/jev-ten-batch/raw/sugar-free-cola.json,平,0.86,0.02,0.09,0.89,0,0,0.35,0.07,0.33,0.05,0.04,0.07,0.05,0.08,0.05,0.05,阳+,0.25,0.13,0.02,0.4,0.45,阳-,0.37,0.36,0.03,0.53,0.08,阴-,0.46,0.59,0.05,0.15,0.21,阳-,0.19,0.37,0.12,0.39,0.12,阴-,0.45,0.59,0.15,0.21,0.05
lemon-soda,柠檬汽水,柠檬汽水,正式目录,卷一,饮品部,碳酸与功能饮品,beverage,R1,summary_frozen_R1,2026-09-24,jev-1.13.0,jev-tcm-reasoning-v0.4,jev-tcm-pilot-fixtures-v0.4,2026-09-24T09:30:31.098802+00:00,fd57cf58c14aaa5c64412de5029e93351b9adc50a9491bb3279b431c9d07eb4a,references/entries/lemon-soda/mapping.md,qa/jev-coffee-soda-batch/raw/lemon-soda.json,平,0.82,0.04,0.1,0.86,0,0,0.45,0.04,0.3,0.05,0.04,0.04,0.06,0.06,0.05,0.04,阳-,0.29,0.31,0.12,0.47,0.1,阳-,0.36,0.36,0.08,0.53,0.03,阴-,0.44,0.58,0.16,0.15,0.11,阴-,0.25,0.44,0.21,0.32,0.03,阴-,0.43,0.57,0.17,0.21,0.05
soda-water,苏打水,苏打水,正式目录,卷一,饮品部,碳酸与功能饮品,beverage,R1,summary_frozen_R1,2026-09-24,jev-1.13.0,jev-tcm-reasoning-v0.4,jev-tcm-pilot-fixtures-v0.4,2026-09-24T09:30:31.361197+00:00,b4033e8bb8b5b55b76f9c82f579335bb1e9c10fee9c54e509a819eb0926ebdf5,references/entries/soda-water/mapping.md,qa/jev-coffee-soda-batch/raw/soda-water.json,平,0.99,0,0,1,0,0,0.07,0.04,0.08,0.05,0.18,0.04,0.04,0.06,0.05,0.05,阳-,0.31,0.33,0.06,0.49,0.12,阳-,0.36,0.42,0.02,0.51,0.05,阴-,0.49,0.62,0.04,0.13,0.21,阴-,0.25,0.43,0.13,0.39,0.05,阴-,0.58,0.69,0.09,0.15,0.07
sparkling-water,气泡水,气泡水,正式目录,卷一,饮品部,碳酸与功能饮品,beverage,R1,summary_frozen_R1,2026-09-24,jev-1.13.0,jev-tcm-reasoning-v0.4,jev-tcm-pilot-fixtures-v0.4,2026-09-24T09:30:31.656338+00:00,d7e6afeb0c118786784afada5ddcf2ca37607be91706d9a5a192e650b2f66611,references/entries/sparkling-water/mapping.md,qa/jev-coffee-soda-batch/raw/sparkling-water.json,平,0.88,0.03,0.06,0.91,0,0,0.25,0.04,0.14,0.07,0.05,0.04,0.04,0.06,0.05,0.05,阳-,0.22,0.24,0.25,0.42,0.09,阳-,0.33,0.41,0.05,0.49,0.05,阴-,0.35,0.51,0.18,0.14,0.17,阴-,0.13,0.35,0.32,0.29,0.04,阴-,0.36,0.52,0.39,0.06,0.03
tonic-water,汤力水,汤力水,正式目录,卷一,饮品部,碳酸与功能饮品,beverage,R1,summary_frozen_R1,2026-09-24,jev-1.13.0,jev-tcm-reasoning-v0.4,jev-tcm-pilot-fixtures-v0.4,2026-09-24T10:16:18.795963+00:00,bb66681839a4d1a876770d3a9147babc54f50c4a7b762211d0db4fd0ec3d9771,references/entries/tonic-water/mapping.md,qa/jev-entry-batches/05-functional-beverages/raw/tonic-water.json,平,0.95,0.01,0.02,0.97,0,0,0.15,0.29,0.35,0.06,0.05,0.04,0.06,0.05,0.04,0.05,阳-,0.5,0.24,0.03,0.62,0.11,阳-,0.56,0.27,0.02,0.67,0.04,阴-,0.36,0.52,0.08,0.14,0.26,阳-,0.34,0.37,0.07,0.51,0.05,阴-,0.32,0.48,0.05,0.39,0.08
energy-drink,能量饮料,能量饮料,正式目录,卷一,饮品部,碳酸与功能饮品,beverage,R2,summary_frozen_R2,2026-09-24,jev-1.13.0,jev-tcm-reasoning-v0.4,jev-tcm-pilot-fixtures-v0.4,2026-09-24T10:16:19.063062+00:00,0bab8ded3100a5782b7dc0df0f82528c21fbc2f61b4cb3f2e9301c39be0dc5ad,references/entries/energy-drink/mapping.md,qa/jev-entry-batches/05-functional-beverages/raw/energy-drink.json,平,0.6,0,0,0.68,0.13,0.19,0.04,0.11,0.22,0.12,0.04,0.31,0.08,0.06,0.06,0.06,阳+,0.92,0,0,0.06,0.94,阳+,0.6,0.08,0,0.22,0.7,阳+,0.47,0.26,0.03,0.1,0.61,阳+,0.44,0.19,0.02,0.22,0.57,阳+,0.55,0.19,0.01,0.14,0.66
sports-drink,运动饮料,运动饮料,正式目录,卷一,饮品部,碳酸与功能饮品,beverage,R2,summary_frozen_R2,2026-09-24,jev-1.13.0,jev-tcm-reasoning-v0.4,jev-tcm-pilot-fixtures-v0.4,2026-09-24T10:16:19.547583+00:00,a12118bbea32bfb32fac571388b3466435debd241ffaf8386ea5830706afa834,references/entries/sports-drink/mapping.md,qa/jev-entry-batches/05-functional-beverages/raw/sports-drink.json,平,0.99,0,0,1,0,0,0.29,0.05,0.5,0.05,0.22,0.05,0.05,0.11,0.06,0.1,阴+,0.19,0.22,0.4,0.17,0.21,阴-,0.28,0.47000000000000003,0.14,0.3,0.09,阳+,0.24,0.33,0.23,0.01,0.43,阴+,0.48,0.28,0.61,0.07,0.04,阴-,0.35,0.52,0.45,0.01,0.02
electrolyte-drink,电解质饮料,电解质饮料,正式目录,卷一,饮品部,碳酸与功能饮品,beverage,R1,summary_frozen_R1,2026-09-24,jev-1.13.0,jev-tcm-reasoning-v0.4,jev-tcm-pilot-fixtures-v0.4,2026-09-24T10:16:19.786094+00:00,5b7958622cc9f80fcccbc4b087a2f4891ac36e538d3a9b9615739ef469485d78,references/entries/electrolyte-drink/mapping.md,qa/jev-entry-batches/05-functional-beverages/raw/electrolyte-drink.json,平,1,0,0,1,0,0,0.05,0.04,0.27,0.05,0.25,0.08,0.05,0.12,0.06,0.15,阴+,0.37,0.27,0.53,0.09,0.11,阴-,0.32,0.48,0.17,0.3,0.05,阴+,0.23,0.42,0.43,0.01,0.14,阴+,0.41,0.36,0.55,0.06,0.03,阴+,0.32,0.48,0.48,0.01,0.03
vitamin-drink,维生素饮料,维生素饮料,正式目录,卷一,饮品部,碳酸与功能饮品,beverage,R1,summary_frozen_R1,2026-09-24,jev-1.13.0,jev-tcm-reasoning-v0.4,jev-tcm-pilot-fixtures-v0.4,2026-09-24T10:16:20.160149+00:00,2195f5281a3f44b063e60bf3af510a92dbbdc619565cbf6aab4b3bae5dc806e3,references/entries/vitamin-drink/mapping.md,qa/jev-entry-batches/05-functional-beverages/raw/vitamin-drink.json,平,1,0,0,1,0,0,0.06,0.04,0.23,0.04,0.04,0.05,0.04,0.06,0.04,0.04,阳-,0.13,0.2,0.19,0.36,0.25,阳-,0.33,0.36,0.05,0.5,0.09,阳+,0.22,0.41,0.12,0.06,0.41,阴-,0.15,0.36,0.25,0.31,0.08,阴-,0.35,0.5,0.25,0.13,0.12
lactic-acid-bacteria-drink,乳酸菌饮料,乳酸菌饮料,正式目录,卷一,饮品部,碳酸与功能饮品,beverage,R2,summary_frozen_R2,2026-09-24,jev-1.13.0,jev-tcm-reasoning-v0.4,jev-tcm-pilot-fixtures-v0.4,2026-09-24T10:16:20.404461+00:00,a2e556fe93179dcb8003268ce1752bee83d7dd28412d32d2daaf08fccc2f85bf,references/entries/lactic-acid-bacteria-drink/mapping.md,qa/jev-entry-batches/05-functional-beverages/raw/lactic-acid-bacteria-drink.json,平,0.98,0.01,0.01,0.98,0,0,0.29,0.05,0.23,0.05,0.05,0.04,0.05,0.21,0.06,0.06,阴-,0.14,0.35,0.18,0.26,0.21,阴-,0.38,0.54,0.04,0.32,0.1,阴-,0.4,0.55,0.06,0.01,0.38,阴-,0.33,0.51,0.22,0.19,0.08,阴-,0.48,0.61,0.25,0.05,0.09
fruit-flavored-drink,果味饮料,果味饮料,正式目录,卷一,饮品部,碳酸与功能饮品,beverage,R1,summary_frozen_R1,2026-09-24,jev-1.13.0,jev-tcm-reasoning-v0.4,jev-tcm-pilot-fixtures-v0.4,2026-09-24T10:16:20.671682+00:00,be5d144aad7a689b1d9737b289fe7773ca0bab67e82abf8383d1914a5a948059,references/entries/fruit-flavored-drink/mapping.md,qa/jev-entry-batches/05-functional-beverages/raw/fruit-flavored-drink.json,平,0.99,0,0.01,0.99,0,0,0.17,0.04,0.42,0.04,0.04,0.04,0.04,0.07,0.04,0.04,阳-,0.16,0.28,0.19,0.37,0.16,阳-,0.24,0.41,0.11,0.43,0.05,阴-,0.33,0.51,0.21,0.05,0.23,阴+,0.18,0.37,0.38,0.2,0.05,阴-,0.44,0.58,0.27,0.1,0.05
oat-milk,燕麦奶,燕麦奶,正式目录,卷一,饮品部,植物与谷物饮,beverage,R1,summary_frozen_R1,2026-09-24,jev-1.13.0,jev-tcm-reasoning-v0.4,jev-tcm-pilot-fixtures-v0.4,2026-09-24T07:09:10.330187+00:00,3540b3bac93184c5da49bb2d31025dbbc4b804d434d9a3bda77ec62816313489,references/entries/oat-milk/mapping.md,qa/jev-ten-batch/raw/oat-milk.json,平,1,0,0,1,0,0,0.05,0.05,0.3,0.05,0.05,0.12,0.07,0.14,0.06,0.06,阴-,0.19,0.39,0.15,0.29,0.17,阴-,0.32,0.49,0.08,0.35,0.08,阳+,0.25,0.37,0.18,0.01,0.44,阴+,0.35,0.35,0.52,0.05,0.08,阴-,0.41,0.56,0.28,0.04,0.11
almond-beverage,杏仁奶,杏仁奶,正式目录,卷一,饮品部,植物与谷物饮,beverage,R1,summary_frozen_R1,2026-09-24,jev-1.13.0,jev-tcm-reasoning-v0.4,jev-tcm-pilot-fixtures-v0.4,2026-09-24T10:16:20.930031+00:00,42895abc8dac02ba2316e06fd801f5005e706bd08e81cf73900c0fed4ba7e48a,references/entries/almond-beverage/mapping.md,qa/jev-entry-batches/05-functional-beverages/raw/almond-beverage.json,平,0.99,0,0,1,0,0,0.05,0.06,0.2,0.06,0.05,0.05,0.05,0.07,0.07,0.06,阴+,0.13,0.26,0.35,0.24,0.15,阴-,0.18,0.38,0.28,0.27,0.07,阴+,0.13,0.32,0.34,0.03,0.31,阴+,0.54,0.25,0.66,0.06,0.03,阴+,0.32,0.38,0.49,0.06,0.07
soy-beverage,豆乳饮料,豆乳饮料,正式目录,卷一,饮品部,植物与谷物饮,beverage,R2,summary_frozen_R2,2026-09-24,jev-1.13.0,jev-tcm-reasoning-v0.4,jev-tcm-pilot-fixtures-v0.4,2026-09-24T10:16:21.172001+00:00,4e4fd82511ff8aaa3cbfcbf214fec4abff5383b1c53e6ae913ba7c6ade4315be,references/entries/soy-beverage/mapping.md,qa/jev-entry-batches/05-functional-beverages/raw/soy-beverage.json,平,1,0,0,1,0,0,0.06,0.05,0.34,0.05,0.05,0.08,0.07,0.14,0.06,0.07,阳-,0.13,0.18,0.34,0.36,0.12,阳-,0.14,0.25,0.35,0.35,0.05,阳+,0.42,0.18,0.24,0.01,0.57,阴+,0.4,0.3,0.55,0.09,0.06,阴+,0.58,0.23,0.68,0.05,0.04
coconut-beverage,椰奶饮料,椰奶饮料,正式目录,卷一,饮品部,植物与谷物饮,beverage,R1,summary_frozen_R1,2026-09-24,jev-1.13.0,jev-tcm-reasoning-v0.4,jev-tcm-pilot-fixtures-v0.4,2026-09-24T10:16:21.413439+00:00,a02d719cbccd12b24d128d7ea0204f08c8c05b164cd0eaaed6f59a8717a4c266,references/entries/coconut-beverage/mapping.md,qa/jev-entry-batches/05-functional-beverages/raw/coconut-beverage.json,平,0.99,0,0,1,0,0,0.05,0.04,0.24,0.05,0.06,0.05,0.05,0.08,0.05,0.06,阴+,0.16,0.26,0.37,0.17,0.2,阴-,0.24,0.44,0.25,0.21,0.1,阴-,0.15,0.35,0.32,0.02,0.31,阴+,0.34,0.33,0.5,0.09,0.08,阴+,0.28,0.39,0.46,0.05,0.1
rice-beverage,米浆,米浆,正式目录,卷一,饮品部,植物与谷物饮,beverage,R2,summary_frozen_R2,2026-09-24,jev-1.13.0,jev-tcm-reasoning-v0.4,jev-tcm-pilot-fixtures-v0.4,2026-09-24T10:44:18.618649+00:00,8f677f51c633e1e7622cabf356aa4bdb927ea1e623b63420e201e8e9fdd6174f,references/entries/rice-beverage/mapping.md,qa/jev-entry-batches/06-nuts-cocoa-chocolate/raw/rice-beverage.json,平,1,0,0,1,0,0,0.04,0.04,0.27,0.04,0.06,0.04,0.04,0.1,0.05,0.05,阴+,0.12,0.21,0.34,0.17,0.28,阴-,0.25,0.43,0.14,0.24,0.19,阳+,0.41,0.16,0.27,0.01,0.56,阴+,0.35,0.28,0.51,0.05,0.16,阴-,0.35,0.51,0.3,0.04,0.15
peanut-beverage,花生乳,花生乳,正式目录,卷一,饮品部,植物与谷物饮,beverage,R1,summary_frozen_R1,2026-09-24,jev-1.13.0,jev-tcm-reasoning-v0.4,jev-tcm-pilot-fixtures-v0.4,2026-09-24T10:44:19.046978+00:00,ba24efdc805ddec752c2228afc68298d75ddfd63d44a8650738f75234b5cda08,references/entries/peanut-beverage/mapping.md,qa/jev-entry-batches/06-nuts-cocoa-chocolate/raw/peanut-beverage.json,平,0.99,0,0,1,0,0,0.05,0.05,0.27,0.08,0.05,0.05,0.06,0.15,0.06,0.06,阳+,0.17,0.15,0.35,0.12,0.38,阴-,0.11,0.33,0.25,0.13,0.29,阳+,0.51,0.13,0.24,0.01,0.62,阴+,0.36,0.25,0.53,0.05,0.17,阴+,0.39,0.26,0.54,0.05,0.15
walnut-beverage,核桃乳,核桃乳,正式目录,卷一,饮品部,植物与谷物饮,beverage,R1,summary_frozen_R1,2026-09-24,jev-1.13.0,jev-tcm-reasoning-v0.4,jev-tcm-pilot-fixtures-v0.4,2026-09-24T10:44:19.493187+00:00,10d4751e80ba60e1452cb4cbcaaa6d013b68775c64a6b7bfb9f6862614e6695b,references/entries/walnut-beverage/mapping.md,qa/jev-entry-batches/06-nuts-cocoa-chocolate/raw/walnut-beverage.json,平,0.96,0,0,0.97,0.03,0,0.05,0.05,0.24,0.07,0.05,0.05,0.08,0.1,0.06,0.12,阴+,0.29,0.11,0.45999999999999996,0.08,0.35,阴+,0.42,0.19,0.5700000000000001,0.06,0.18,阴+,0.23,0.15,0.42,0.02,0.41,阴+,0.61,0.17,0.71,0.04,0.08,阴+,0.67,0.08,0.76,0.02,0.14
mixed-plant-protein-beverage,植物蛋白混合饮,植物蛋白混合饮,正式目录,卷一,饮品部,植物与谷物饮,beverage,R1,summary_frozen_R1,2026-09-24,jev-1.13.0,jev-tcm-reasoning-v0.4,jev-tcm-pilot-fixtures-v0.4,2026-09-24T10:44:19.900626+00:00,4e80b98bbafee1857fb14ab25bd27b3301b3d298b188ba0e7b0f20ca4147d41c,references/entries/mixed-plant-protein-beverage/mapping.md,qa/jev-entry-batches/06-nuts-cocoa-chocolate/raw/mixed-plant-protein-beverage.json,平,1,0,0,1,0,0,0.04,0.04,0.19,0.05,0.05,0.04,0.04,0.12,0.05,0.05,阳+,0.11,0.18,0.3,0.19,0.33,阴-,0.2,0.4,0.21,0.24,0.15,阳+,0.55,0.14,0.19,0.01,0.66,阴+,0.23,0.29,0.41,0.13,0.17,阴+,0.41,0.3,0.55,0.03,0.12
cocoa-powder,可可粉,可可粉,正式目录,卷二,甘食部,可可与巧克力,processed_food,R2,summary_frozen_R2,2026-09-24,jev-1.13.0,jev-tcm-reasoning-v0.4,jev-tcm-pilot-fixtures-v0.4,2026-09-24T10:44:20.293420+00:00,3a3b98a1a68c23978a0335ffc446f83ae354864ecffc72518d2a5cf9c7beb327,references/entries/cocoa-powder/mapping.md,qa/jev-entry-batches/06-nuts-cocoa-chocolate/raw/cocoa-powder.json,平,0.99,0,0,1,0,0,0.07,0.28,0.1,0.06,0.05,0.06,0.06,0.06,0.05,0.05,阳-,0.32,0.18,0.2,0.49,0.13,阳-,0.37,0.31,0.12,0.53,0.04,阴-,0.33,0.5,0.1,0.12,0.28,阳-,0.18,0.34,0.23,0.39,0.04,阴-,0.19,0.39,0.28,0.27,0.06
dark-chocolate,黑巧克力,黑巧克力,正式目录,卷二,甘食部,可可与巧克力,processed_food,R3,summary_frozen,2026-09-23,jev-1.13.0,jev-tcm-reasoning-v0.4,jev-tcm-pilot-fixtures-v0.4,2026-09-24T07:09:08.153273+00:00,9a5999ad6606af40db1f65cbbca8b15b2ef2770243265c9005a3cc7f7b228b2c,references/entries/dark-chocolate/mapping.md,qa/jev-ten-batch/raw/dark-chocolate.json,平,0.98,0,0,0.99,0.01,0,0.07,0.32,0.14,0.07,0.05,0.13,0.08,0.07,0.05,0.06,阳-,0.54,0.1,0.1,0.66,0.14,阳-,0.44,0.28,0.08,0.59,0.05,阴-,0.29,0.48,0.08,0.18,0.26,阳-,0.24,0.35,0.16,0.42,0.07,阴-,0.2,0.39,0.19,0.32,0.1
milk-chocolate,牛奶巧克力,牛奶巧克力,正式目录,卷二,甘食部,可可与巧克力,processed_food,R2,summary_frozen_R2,2026-09-24,jev-1.13.0,jev-tcm-reasoning-v0.4,jev-tcm-pilot-fixtures-v0.4,2026-09-24T10:44:20.725944+00:00,64fb0c92348d065742f86db7a156331fff13c3ff287d39c7d10d28a185436a5a,references/entries/milk-chocolate/mapping.md,qa/jev-entry-batches/06-nuts-cocoa-chocolate/raw/milk-chocolate.json,平,0.95,0,0,0.97,0.02,0.01,0.05,0.13,0.62,0.05,0.05,0.1,0.06,0.1,0.05,0.05,阳+,0.38,0.1,0.17,0.19,0.54,阳-,0.28,0.3,0.1,0.46,0.14,阴+,0.14,0.26,0.36,0.03,0.35,阴-,0.11,0.34,0.31,0.26,0.09,阴+,0.21,0.3,0.39999999999999997,0.15,0.15
white-chocolate,白巧克力,白巧克力,正式目录,卷二,甘食部,可可与巧克力,processed_food,R1,summary_frozen_R1,2026-09-24,jev-1.13.0,jev-tcm-reasoning-v0.4,jev-tcm-pilot-fixtures-v0.4,2026-09-24T10:44:21.250880+00:00,c46ac3b2b61febc00cb259e94e69a84d6829c8f9bb9d9a23c3d920ddaf554616,references/entries/white-chocolate/mapping.md,qa/jev-entry-batches/06-nuts-cocoa-chocolate/raw/white-chocolate.json,平,0.99,0,0,0.99,0.01,0,0.04,0.04,0.46,0.04,0.04,0.06,0.04,0.07,0.04,0.04,阳-,0.15,0.16,0.18,0.36,0.3,阴-,0.18,0.39,0.1,0.32,0.19,阳+,0.14,0.28,0.33,0.03,0.36,阴-,0.14,0.35,0.29,0.23,0.13,阴-,0.16,0.38,0.33,0.13,0.16
raw-chocolate,生巧克力,生巧克力,正式目录,卷二,甘食部,可可与巧克力,processed_food,R1,summary_frozen_R1,2026-09-24,jev-1.13.0,jev-tcm-reasoning-v0.4,jev-tcm-pilot-fixtures-v0.4,2026-09-24T10:44:21.648558+00:00,3d46ea0774ad5ef1a84570d90e152f7b0f0a9b364ef2779c700fa133455797ae,references/entries/raw-chocolate/mapping.md,qa/jev-entry-batches/06-nuts-cocoa-chocolate/raw/raw-chocolate.json,平,0.97,0,0,0.98,0.01,0.01,0.05,0.16,0.49,0.05,0.05,0.05,0.05,0.07,0.04,0.05,阴+,0.27,0.15,0.45,0.18,0.22,阴-,0.11,0.33,0.23,0.33,0.11,阴+,0.41,0.28,0.55,0.03,0.14,阴+,0.37,0.31,0.53,0.1,0.06,阴+,0.41,0.3,0.55,0.07,0.08
chocolate-sauce,巧克力酱,巧克力酱,正式目录,卷二,甘食部,可可与巧克力,processed_food,R1,summary_frozen_R1,2026-09-24,jev-1.13.0,jev-tcm-reasoning-v0.4,jev-tcm-pilot-fixtures-v0.4,2026-09-24T10:44:22.072156+00:00,65c7ac94b91021403bdfccd4a9d9000c5dad09b2d81b912fb182b1f62d4f991c,references/entries/chocolate-sauce/mapping.md,qa/jev-entry-batches/06-nuts-cocoa-chocolate/raw/chocolate-sauce.json,平,0.98,0,0,0.98,0.01,0.01,0.05,0.1,0.82,0.05,0.04,0.05,0.05,0.14,0.05,0.05,阴+,0.13,0.19,0.35,0.12,0.34,阴-,0.15,0.36,0.21,0.25,0.18,阴+,0.28,0.21,0.46,0.02,0.31,阴+,0.26,0.34,0.45,0.11,0.1,阴+,0.2,0.4,0.4,0.07,0.13
cocoa-hazelnut-spread,可可榛子酱,可可榛子酱,正式目录,卷二,甘食部,可可与巧克力,processed_food,R1,summary_frozen_R1,2026-09-24,jev-1.13.0,jev-tcm-reasoning-v0.4,jev-tcm-pilot-fixtures-v0.4,2026-09-24T10:44:22.500243+00:00,49b973c3d63c74453eeb9100ec350b95414e2d6a1080d296c15f3f9735c044e4,references/entries/cocoa-hazelnut-spread/mapping.md,qa/jev-entry-batches/06-nuts-cocoa-chocolate/raw/cocoa-hazelnut-spread.json,平,0.97,0,0,0.98,0.01,0.01,0.05,0.13,0.63,0.05,0.05,0.05,0.06,0.1,0.05,0.05,阳+,0.25,0.17,0.24,0.15,0.44,阴-,0.05,0.27999999999999997,0.23,0.25,0.24,阳+,0.34,0.25,0.23,0.02,0.5,阴-,0.18,0.39,0.31,0.14,0.16,阴-,0.17,0.38,0.37,0.06,0.19
chocolate-energy-bar,巧克力能量棒,巧克力能量棒,正式目录,卷二,甘食部,可可与巧克力,processed_food,R1,summary_frozen_R1,2026-09-24,jev-1.13.0,jev-tcm-reasoning-v0.4,jev-tcm-pilot-fixtures-v0.4,2026-09-24T11:06:32.777710+00:00,e8718b269441afc14726a2af2b526f46847a4d90708e68c24e9b851c589900ab,references/entries/chocolate-energy-bar/mapping.md,qa/jev-entry-batches/07-baked-sweets/raw/chocolate-energy-bar.json,平,0.99,0,0,1,0,0,0.05,0.08,0.41,0.06,0.05,0.05,0.05,0.12,0.04,0.05,阳+,0.58,0.12,0.07,0.12,0.69,阳+,0.09,0.31,0.05,0.32,0.32,阳+,0.68,0.19,0.04,0.01,0.76,阴-,0.15,0.36,0.18,0.11,0.35,阳+,0.22,0.36,0.14,0.09,0.41
cookie,曲奇,曲奇,正式目录,卷二,甘食部,烘焙甜点,processed_food,R2,summary_frozen_R2,2026-09-24,jev-1.13.0,jev-tcm-reasoning-v0.4,jev-tcm-pilot-fixtures-v0.4,2026-09-24T11:06:33.081791+00:00,5a4f5cb0dc71c00facf86e1c15ad821d459787232f3acbd463fcb86d2d1cf60b,references/entries/cookie/mapping.md,qa/jev-entry-batches/07-baked-sweets/raw/cookie.json,平,0.99,0,0,1,0,0,0.04,0.04,0.38,0.04,0.04,0.04,0.04,0.08,0.04,0.04,阳+,0.12,0.22,0.14,0.3,0.34,阴-,0.21,0.41,0.05,0.38,0.16,阳+,0.39,0.29,0.14,0.04,0.53,阴-,0.26,0.44,0.13,0.24,0.19,阴-,0.36,0.52,0.14,0.15,0.19
butter-cookie,黄油饼干,黄油饼干,正式目录,卷二,甘食部,烘焙甜点,processed_food,R1,summary_frozen_R1,2026-09-24,jev-1.13.0,jev-tcm-reasoning-v0.4,jev-tcm-pilot-fixtures-v0.4,2026-09-24T11:06:33.333263+00:00,85caefae3f5126fa52a5b443bf388f4ed869865c796f444b91c24d122bccc632,references/entries/butter-cookie/mapping.md,qa/jev-entry-batches/07-baked-sweets/raw/butter-cookie.json,平,0.99,0,0,0.99,0.01,0,0.04,0.04,0.44,0.04,0.05,0.04,0.04,0.08,0.04,0.04,阳+,0.31,0.15,0.16,0.21,0.48,阴-,0.17,0.38,0.12,0.25,0.25,阳+,0.46,0.25,0.12,0.04,0.59,阴-,0.21,0.41000000000000003,0.18,0.16,0.25,阴-,0.16,0.37,0.27,0.11,0.25
wafer,威化饼,威化饼,正式目录,卷二,甘食部,烘焙甜点,processed_food,R1,summary_frozen_R1,2026-09-24,jev-1.13.0,jev-tcm-reasoning-v0.4,jev-tcm-pilot-fixtures-v0.4,2026-09-24T11:06:33.632974+00:00,ff7d536ce1d4b4cfb9df9a91e6d52201a96478e706839fafa7adfcfa75903345,references/entries/wafer/mapping.md,qa/jev-entry-batches/07-baked-sweets/raw/wafer.json,平,0.99,0,0,1,0,0,0.04,0.04,0.39,0.04,0.05,0.04,0.04,0.07,0.04,0.03,阳+,0.14,0.24,0.07,0.33,0.36,阴-,0.21,0.41,0.04,0.37,0.18,阳+,0.31,0.39,0.08,0.05,0.48,阴-,0.35,0.51,0.11,0.22,0.16,阴-,0.4,0.55,0.1,0.13,0.22
sandwich-cookie,夹心饼干,夹心饼干,正式目录,卷二,甘食部,烘焙甜点,processed_food,R1,summary_frozen_R1,2026-09-24,jev-1.13.0,jev-tcm-reasoning-v0.4,jev-tcm-pilot-fixtures-v0.4,2026-09-24T11:06:33.904457+00:00,0a11b988de68c10fbb499a8e9c58adc61297889024b0b54eab589aef85125227,references/entries/sandwich-cookie/mapping.md,qa/jev-entry-batches/07-baked-sweets/raw/sandwich-cookie.json,平,0.96,0,0,0.97,0.01,0.02,0.04,0.06,0.56,0.04,0.05,0.04,0.04,0.1,0.04,0.04,阳+,0.2,0.2,0.22,0.18,0.4,阴-,0.18,0.38,0.09,0.31,0.22,阳+,0.27,0.3,0.22,0.02,0.46,阴-,0.35,0.52,0.18,0.14,0.16,阴-,0.25,0.43,0.25,0.11,0.21
egg-tart,蛋挞,蛋挞,正式目录,卷二,甘食部,烘焙甜点,processed_food,R2,summary_frozen_R2,2026-09-24,jev-1.13.0,jev-tcm-reasoning-v0.4,jev-tcm-pilot-fixtures-v0.4,2026-09-24T11:06:34.190098+00:00,df1b46e1bb5f0c2ed05f378e18110a28373d28251836d446e75cedde48f35e79,references/entries/egg-tart/mapping.md,qa/jev-entry-batches/07-baked-sweets/raw/egg-tart.json,平,0.96,0,0,0.97,0.01,0.02,0.05,0.04,0.46,0.04,0.05,0.04,0.04,0.07,0.04,0.03,阳+,0.15,0.18,0.2,0.26,0.36,阴-,0.23,0.42,0.05,0.35,0.18,阳+,0.25,0.4,0.12,0.04,0.44,阴-,0.25,0.43,0.2,0.16,0.21,阴-,0.3,0.48,0.24,0.1,0.18
cream-puff,泡芙,泡芙,正式目录,卷二,甘食部,烘焙甜点,processed_food,R1,summary_frozen_R1,2026-09-24,jev-1.13.0,jev-tcm-reasoning-v0.4,jev-tcm-pilot-fixtures-v0.4,2026-09-24T11:06:34.432999+00:00,b2d05e25069abb35ba0aa2c5e023da94afa3f7814915068d49f8c13a87ee8abd,references/entries/cream-puff/mapping.md,qa/jev-entry-batches/07-baked-sweets/raw/cream-puff.json,平,0.99,0,0,0.98,0.01,0.01,0.05,0.03,0.4,0.05,0.05,0.04,0.04,0.06,0.04,0.03,阳+,0.17,0.22,0.18,0.22,0.38,阴-,0.19,0.39,0.06,0.36,0.19,阳+,0.31,0.34,0.12,0.05,0.49,阴-,0.17,0.38,0.21,0.21,0.2,阴-,0.25,0.44,0.26,0.12,0.18
doughnut,甜甜圈,甜甜圈,正式目录,卷二,甘食部,烘焙甜点,processed_food,R1,summary_frozen_R1,2026-09-24,jev-1.13.0,jev-tcm-reasoning-v0.4,jev-tcm-pilot-fixtures-v0.4,2026-09-24T11:06:34.702267+00:00,3bf31a5de3117abf240dccf693355fa0a3f7d381e3d95dfb99057a1b87aef549,references/entries/doughnut/mapping.md,qa/jev-entry-batches/07-baked-sweets/raw/doughnut.json,平,0.94,0,0,0.96,0.01,0.03,0.04,0.04,0.41,0.04,0.04,0.04,0.04,0.07,0.04,0.04,阳+,0.19,0.3,0.04,0.27,0.39,阴-,0.25,0.44,0.02,0.37,0.17,阴-,0.32,0.49,0.04,0.04,0.43,阴-,0.38,0.54,0.09,0.2,0.17,阴-,0.37,0.53,0.09,0.19,0.19
muffin,马芬,马芬,正式目录,卷二,甘食部,烘焙甜点,processed_food,R2,summary_frozen_R2,2026-09-24,jev-1.13.0,jev-tcm-reasoning-v0.4,jev-tcm-pilot-fixtures-v0.4,2026-09-24T11:06:34.940153+00:00,f1254682e2278d5549cd47f5334cc1e2234647bc84f29404aad6532588dab063,references/entries/muffin/mapping.md,qa/jev-entry-batches/07-baked-sweets/raw/muffin.json,平,0.98,0,0,0.98,0.01,0.01,0.06,0.04,0.5,0.04,0.04,0.04,0.04,0.12,0.05,0.04,阳-,0.28,0.21,0.07,0.47000000000000003,0.25,阳-,0.31,0.32,0.04,0.49,0.15,阳+,0.34,0.28,0.05,0.16,0.51,阴-,0.16,0.38,0.16,0.27,0.19,阴-,0.25,0.44,0.15,0.22,0.19
pound-cake,磅蛋糕,磅蛋糕,正式目录,卷二,甘食部,烘焙甜点,processed_food,R1,summary_frozen_R1,2026-09-24,jev-1.13.0,jev-tcm-reasoning-v0.4,jev-tcm-pilot-fixtures-v0.4,2026-09-24T11:06:35.234850+00:00,895baefafbb0cb1c4ab1664fdbcf0b900b436abbfdcb724f7c98857dc350179e,references/entries/pound-cake/mapping.md,qa/jev-entry-batches/07-baked-sweets/raw/pound-cake.json,平,0.97,0,0,0.98,0.01,0.01,0.04,0.04,0.62,0.05,0.05,0.04,0.04,0.1,0.05,0.04,阳+,0.29,0.15,0.23,0.15,0.47,阴-,0.17,0.38,0.09,0.27,0.26,阳+,0.38,0.28,0.16,0.02,0.53,阴-,0.27,0.46,0.23,0.13,0.18,阴-,0.22,0.42,0.26,0.08,0.24
cheesecake,芝士蛋糕,芝士蛋糕,正式目录,卷二,甘食部,烘焙甜点,processed_food,R1,summary_frozen_R1,2026-09-24,jev-1.13.0,jev-tcm-reasoning-v0.4,jev-tcm-pilot-fixtures-v0.4,2026-09-24T11:33:55.018522+00:00,eaded7891d0a1a01554442a20c73e285a53c01ab54af7a52af220ef98b0e99f6,references/entries/cheesecake/mapping.md,qa/jev-entry-batches/08-cakes-frozen-desserts/raw/cheesecake.json,平,0.99,0,0,1,0,0,0.06,0.04,0.44,0.04,0.06,0.04,0.04,0.06,0.04,0.04,阳+,0.09,0.23,0.15,0.3,0.32,阳-,0.18,0.38,0.07,0.39,0.16,阳+,0.21,0.38,0.18,0.04,0.4,阴-,0.23,0.42,0.19,0.26,0.13,阴-,0.27,0.45,0.27,0.12,0.16
chiffon-cake,戚风蛋糕,戚风蛋糕,正式目录,卷二,甘食部,烘焙甜点,processed_food,R1,summary_frozen_R1,2026-09-24,jev-1.13.0,jev-tcm-reasoning-v0.4,jev-tcm-pilot-fixtures-v0.4,2026-09-24T11:33:55.450243+00:00,7f1795b6d88b680c2ef00ec5fff4364adda2f4310faca825c306982aaf365d23,references/entries/chiffon-cake/mapping.md,qa/jev-entry-batches/08-cakes-frozen-desserts/raw/chiffon-cake.json,平,0.99,0,0,1,0,0,0.04,0.09,0.32,0.04,0.04,0.04,0.04,0.06,0.04,0.03,阳+,0.13,0.21,0.09,0.35,0.35,阳-,0.28,0.38,0.04,0.45,0.13,阳+,0.35,0.36,0.08,0.05,0.51,阴-,0.27,0.45,0.15,0.26,0.14,阴-,0.34,0.5,0.19,0.16,0.15
brownie,布朗尼,布朗尼,正式目录,卷二,甘食部,烘焙甜点,processed_food,R2,summary_frozen_R2,2026-09-24,jev-1.13.0,jev-tcm-reasoning-v0.4,jev-tcm-pilot-fixtures-v0.4,2026-09-24T11:33:55.872905+00:00,bb910c6c8fd855bef4e2b865a8c612eedc2a3db30ef3e7d954103f849cdd2da0,references/entries/brownie/mapping.md,qa/jev-entry-batches/08-cakes-frozen-desserts/raw/brownie.json,平,0.97,0,0,0.97,0.01,0.02,0.05,0.11,0.45,0.05,0.05,0.04,0.04,0.06,0.04,0.04,阳+,0.17,0.22,0.13,0.27,0.38,阳-,0.23,0.36,0.07,0.42,0.15,阳+,0.31,0.33,0.15,0.04,0.48,阴-,0.29,0.47,0.2,0.18,0.15,阴-,0.24,0.44,0.24,0.16,0.16
croissant,可颂,可颂,正式目录,卷二,甘食部,烘焙甜点,processed_food,R2,summary_frozen_R2,2026-09-24,jev-1.13.0,jev-tcm-reasoning-v0.4,jev-tcm-pilot-fixtures-v0.4,2026-09-24T11:33:56.274108+00:00,ceafaab9c0d8795bc33a94c0a7474ef78097c482ba0578d6c6a31fdb217d4c19,references/entries/croissant/mapping.md,qa/jev-entry-batches/08-cakes-frozen-desserts/raw/croissant.json,平,0.98,0,0,0.98,0.01,0.01,0.11,0.04,0.2,0.04,0.05,0.04,0.04,0.11,0.05,0.04,阳+,0.18,0.26,0.04,0.32,0.38,阴-,0.27,0.46,0.02,0.35,0.17,阳+,0.35,0.42,0.03,0.05,0.5,阴-,0.32,0.49,0.14,0.16,0.21,阴-,0.42,0.5599999999999999,0.11,0.12,0.21
danish-pastry,丹麦酥,丹麦酥,正式目录,卷二,甘食部,烘焙甜点,processed_food,R1,summary_frozen_R1,2026-09-24,jev-1.13.0,jev-tcm-reasoning-v0.4,jev-tcm-pilot-fixtures-v0.4,2026-09-24T11:33:56.696873+00:00,e1b96eb44fef84f459e0804216b1903d19ebd043435bd86eb0fce0d6308b22f6,references/entries/danish-pastry/mapping.md,qa/jev-entry-batches/08-cakes-frozen-desserts/raw/danish-pastry.json,平,0.99,0,0,0.99,0.01,0,0.06,0.04,0.43,0.05,0.05,0.04,0.04,0.06,0.04,0.04,阳+,0.17,0.2,0.06,0.36,0.38,阳-,0.25,0.38,0.03,0.43,0.16,阳+,0.33,0.4,0.05,0.05,0.5,阴-,0.28,0.46,0.11,0.22,0.21,阴-,0.32,0.5,0.09,0.18,0.23
cinnamon-roll,肉桂卷,肉桂卷,正式目录,卷二,甘食部,烘焙甜点,processed_food,R2,summary_frozen_R2,2026-09-24,jev-1.13.0,jev-tcm-reasoning-v0.4,jev-tcm-pilot-fixtures-v0.4,2026-09-24T11:33:57.327653+00:00,774d8c1c123538d5fbdedf0bfa313db2bf7383620b9012322294bb54e9a3bba2,references/entries/cinnamon-roll/mapping.md,qa/jev-entry-batches/08-cakes-frozen-desserts/raw/cinnamon-roll.json,平,0.89,0,0,0.92,0.08,0,0.04,0.04,0.46,0.18,0.04,0.04,0.04,0.08,0.04,0.05,阳+,0.54,0.12,0.03,0.19,0.66,阳+,0.38,0.2,0.02,0.25,0.53,阳+,0.55,0.21,0.08,0.05,0.66,阳+,0.31,0.25,0.05,0.22,0.48,阳+,0.6,0.18,0.03,0.09,0.7
macaron,马卡龙,马卡龙,正式目录,卷二,甘食部,烘焙甜点,processed_food,R1,summary_frozen_R1,2026-09-24,jev-1.13.0,jev-tcm-reasoning-v0.4,jev-tcm-pilot-fixtures-v0.4,2026-09-24T11:33:57.729104+00:00,0eea09aa4fc5264b0723a6fdd0f3d1dcda3935326748d64d629a1242e280838c,references/entries/macaron/mapping.md,qa/jev-entry-batches/08-cakes-frozen-desserts/raw/macaron.json,平,0.99,0,0,1,0,0,0.05,0.04,0.52,0.04,0.04,0.04,0.04,0.06,0.04,0.04,阳+,0.09,0.26,0.17,0.26,0.31,阳-,0.17,0.32,0.17,0.38,0.13,阳+,0.31,0.34,0.13,0.05,0.48,阴-,0.18,0.38,0.29,0.21,0.12,阴-,0.3,0.47,0.28,0.12,0.13
ice-cream,冰淇淋,冰淇淋,正式目录,卷二,甘食部,冷甜与凝冻,processed_food,R2,summary_frozen_R2,2026-09-24,jev-1.13.0,jev-tcm-reasoning-v0.4,jev-tcm-pilot-fixtures-v0.4,2026-09-24T11:33:58.164650+00:00,bfd6b24764d969e0b71e99ea87dd46b18f56ce057e11d3464ad005ec9145510a,references/entries/ice-cream/mapping.md,qa/jev-entry-batches/08-cakes-frozen-desserts/raw/ice-cream.json,平,0.81,0.11,0.04,0.85,0,0,0.04,0.04,0.36,0.04,0.05,0.04,0.04,0.07,0.04,0.05,阳-,0.3,0.18,0.2,0.47,0.15,阳-,0.32,0.38,0.06,0.49,0.07,阴-,0.25,0.44,0.21,0.14,0.21,阳-,0.19,0.35,0.2,0.4,0.05,阴-,0.11,0.33,0.32,0.28,0.07
ice-milk,雪糕,雪糕,正式目录,卷二,甘食部,冷甜与凝冻,processed_food,R1,summary_frozen_R1,2026-09-24,jev-1.13.0,jev-tcm-reasoning-v0.4,jev-tcm-pilot-fixtures-v0.4,2026-09-24T11:33:58.581647+00:00,c9cdee466e2c0e57c6389324d60bfeb2e2d34456a18f008ff616cddf09c686fe,references/entries/ice-milk/mapping.md,qa/jev-entry-batches/08-cakes-frozen-desserts/raw/ice-milk.json,平,0.9,0.07,0.01,0.92,0,0,0.04,0.04,0.27,0.04,0.04,0.04,0.04,0.05,0.04,0.04,阳-,0.34,0.22,0.11,0.49,0.18,阳-,0.34,0.35,0.06,0.51,0.08,阴-,0.18,0.39,0.19,0.14,0.28,阳-,0.17,0.35,0.19,0.38,0.08,阴-,0.21,0.41000000000000003,0.24,0.25,0.1
ice-pop,冰棒,冰棒,正式目录,卷二,甘食部,冷甜与凝冻,processed_food,R1,summary_frozen_R1,2026-09-24,jev-1.13.0,jev-tcm-reasoning-v0.4,jev-tcm-pilot-fixtures-v0.4,2026-09-24T11:33:58.973279+00:00,db8aa1331ed2edce1b5caac7e8bbb6e234f3a54bc85edd8a88ab1910f57695a0,references/entries/ice-pop/mapping.md,qa/jev-entry-batches/08-cakes-frozen-desserts/raw/ice-pop.json,平,0.88,0.07,0.03,0.9,0,0,0.07,0.04,0.37,0.04,0.04,0.04,0.04,0.06,0.05,0.05,阳-,0.56,0.16,0.09,0.67,0.08,阳-,0.42,0.31,0.09,0.5599999999999999,0.04,阴-,0.31,0.49,0.15,0.2,0.16,阳-,0.32,0.24,0.24,0.49,0.03,阴-,0.16,0.38,0.22,0.35,0.05
ice-slush,冰沙,冰沙,正式目录,卷二,甘食部,冷甜与凝冻,processed_food,R2,summary_frozen_R2,2026-09-24,jev-1.13.0,jev-tcm-reasoning-v0.4,jev-tcm-pilot-fixtures-v0.4,2026-09-24T11:48:43.246419+00:00,0ac7573edd81e4b831d729316ddca07fde86131dc62e4e836c8102834a1b4182,references/entries/ice-slush/mapping.md,qa/jev-entry-batches/09-chilled-confections/raw/ice-slush.json,平,0.79,0.14,0.03,0.83,0,0,0.04,0.03,0.16,0.04,0.04,0.13,0.05,0.08,0.04,0.06,阳-,0.47,0.21,0.07,0.6,0.12,阳-,0.29,0.43,0.05,0.47,0.05,阴-,0.4,0.55,0.13,0.17,0.15,阳-,0.18,0.37,0.2,0.38,0.05,阴-,0.35,0.51,0.19,0.24,0.06
milkshake,奶昔,奶昔,正式目录,卷二,甘食部,冷甜与凝冻,processed_food,R1,summary_frozen_R1,2026-09-24,jev-1.13.0,jev-tcm-reasoning-v0.4,jev-tcm-pilot-fixtures-v0.4,2026-09-24T11:48:43.669512+00:00,62f578dc7d870599d44d1404a19666f563bfefddbe346e31de37991727cd7e78,references/entries/milkshake/mapping.md,qa/jev-entry-batches/09-chilled-confections/raw/milkshake.json,平,0.96,0.01,0.01,0.96,0.01,0.01,0.05,0.03,0.65,0.04,0.05,0.04,0.04,0.08,0.04,0.05,阴+,0.28,0.16,0.46,0.13,0.25,阴-,0.12,0.34,0.21,0.3,0.15,阴+,0.24,0.27,0.43,0.03,0.27,阴+,0.4,0.3,0.55,0.07,0.08,阴+,0.47,0.29,0.6,0.04,0.07
pudding,布丁,布丁,正式目录,卷二,甘食部,冷甜与凝冻,processed_food,R2,summary_frozen_R2,2026-09-24,jev-1.13.0,jev-tcm-reasoning-v0.4,jev-tcm-pilot-fixtures-v0.4,2026-09-24T11:48:44.083182+00:00,26e019ee55e7e6d8c24c2d662ec241b826625ed4d47f2437fcbcba34202d7d5f,references/entries/pudding/mapping.md,qa/jev-entry-batches/09-chilled-confections/raw/pudding.json,平,1,0,0,1,0,0,0.04,0.03,0.41,0.04,0.04,0.04,0.03,0.07,0.04,0.04,阴+,0.1,0.28,0.33,0.22,0.17,阴-,0.22,0.42,0.11,0.38,0.09,阳+,0.22,0.31,0.24,0.03,0.42,阴+,0.18,0.36,0.38,0.17,0.09,阴+,0.21,0.4,0.39999999999999997,0.11,0.09
jelly,果冻,果冻,正式目录,卷二,甘食部,冷甜与凝冻,processed_food,R2,summary_frozen_R2,2026-09-24,jev-1.13.0,jev-tcm-reasoning-v0.4,jev-tcm-pilot-fixtures-v0.4,2026-09-24T11:48:44.539014+00:00,5f9e2ad8d982e37d5ee7183be5b2fdacde1234ac3e961dedee60b070522bb29c,references/entries/jelly/mapping.md,qa/jev-entry-batches/09-chilled-confections/raw/jelly.json,平,1,0,0,1,0,0,0.09,0.03,0.4,0.04,0.04,0.04,0.04,0.16,0.05,0.04,阴-,0.2,0.4,0.18,0.2,0.22,阴-,0.37,0.53,0.14,0.26,0.07,阴-,0.46,0.6,0.11,0.03,0.26,阴-,0.36,0.52,0.28,0.13,0.07,阴-,0.57,0.68,0.22,0.05,0.05
grass-jelly,仙草冻,仙草冻,正式目录,卷二,甘食部,冷甜与凝冻,processed_food,R2,summary_frozen_R2,2026-09-24,jev-1.13.0,jev-tcm-reasoning-v0.4,jev-tcm-pilot-fixtures-v0.4,2026-09-24T11:48:45.010025+00:00,1d53b3b368a1ad716d1c768699044c374ecf518fa8f68401aafe554f8d05ee68,references/entries/grass-jelly/mapping.md,qa/jev-entry-batches/09-chilled-confections/raw/grass-jelly.json,平,0.9,0.06,0.02,0.92,0,0,0.06,0.11,0.28,0.07,0.06,0.05,0.05,0.08,0.06,0.06,阳-,0.26,0.27,0.21,0.44,0.08,阳-,0.28,0.4,0.11,0.46,0.03,阴-,0.34,0.5,0.24,0.07,0.19,阴+,0.18,0.33,0.39,0.26,0.02,阴-,0.36,0.52,0.31,0.14,0.03
coconut-jelly,椰奶冻,椰奶冻,正式目录,卷二,甘食部,冷甜与凝冻,processed_food,R1,summary_frozen_R1,2026-09-24,jev-1.13.0,jev-tcm-reasoning-v0.4,jev-tcm-pilot-fixtures-v0.4,2026-09-24T11:48:45.415222+00:00,7f798e68a3827f4603b1a3bf0985073740f923e39f4ed7bca53b50f1ae18c9f1,references/entries/coconut-jelly/mapping.md,qa/jev-entry-batches/09-chilled-confections/raw/coconut-jelly.json,平,0.98,0,0.01,0.99,0,0,0.04,0.04,0.65,0.04,0.04,0.04,0.04,0.07,0.04,0.04,阴+,0.21,0.21,0.39999999999999997,0.13,0.26,阴-,0.14,0.35,0.26,0.26,0.13,阴+,0.22,0.24,0.41,0.03,0.32,阴+,0.44,0.27,0.58,0.07,0.08,阴+,0.38,0.31,0.53,0.07,0.09
gummy-candy,软糖,软糖,正式目录,卷二,甘食部,现代糖品,processed_food,R2,summary_frozen_R2,2026-09-24,jev-1.13.0,jev-tcm-reasoning-v0.4,jev-tcm-pilot-fixtures-v0.4,2026-09-24T11:48:45.810303+00:00,686f39d1e33c760ded1deb0cdd3f7fe8fff63a3952f218de8213046e1039c9b1,references/entries/gummy-candy/mapping.md,qa/jev-entry-batches/09-chilled-confections/raw/gummy-candy.json,平,0.99,0,0,1,0,0,0.11,0.04,0.59,0.04,0.04,0.04,0.04,0.07,0.04,0.04,阳-,0.08,0.28,0.18,0.31,0.23,阴-,0.23,0.43,0.08,0.37,0.12,阳+,0.19,0.31,0.23,0.06,0.4,阴-,0.26,0.44,0.21,0.28,0.07,阴-,0.4,0.55,0.24,0.12,0.09
hard-candy,硬糖,硬糖,正式目录,卷二,甘食部,现代糖品,processed_food,R2,summary_frozen_R2,2026-09-24,jev-1.13.0,jev-tcm-reasoning-v0.4,jev-tcm-pilot-fixtures-v0.4,2026-09-24T11:48:46.202797+00:00,da50b11de86de0b4b083225a8039694436f81cce1aa89ac3fa04c81eca0dd47d,references/entries/hard-candy/mapping.md,qa/jev-entry-batches/09-chilled-confections/raw/hard-candy.json,平,1,0,0,1,0,0,0.1,0.07,0.53,0.06,0.04,0.04,0.04,0.05,0.04,0.04,阳-,0.21,0.3,0.14,0.39999999999999997,0.16,阳-,0.36,0.34,0.05,0.51,0.1,阴-,0.17,0.37,0.31,0.07,0.25,阳-,0.15,0.35,0.23,0.36,0.06,阴-,0.33,0.5,0.17,0.2,0.13
marshmallow,棉花糖,棉花糖,正式目录,卷二,甘食部,现代糖品,processed_food,R1,summary_frozen_R1,2026-09-24,jev-1.13.0,jev-tcm-reasoning-v0.4,jev-tcm-pilot-fixtures-v0.4,2026-09-24T11:48:46.607349+00:00,a82b75d964e35b8a41b2f447a5360d5a060f877bc4e0b613386170e1d1f14299,references/entries/marshmallow/mapping.md,qa/jev-entry-batches/09-chilled-confections/raw/marshmallow.json,平,0.99,0,0,1,0,0,0.04,0.03,0.59,0.04,0.04,0.04,0.04,0.07,0.04,0.04,阴+,0.07,0.21,0.3,0.23,0.26,阴-,0.16,0.37,0.16,0.33,0.14,阴+,0.17,0.28,0.38,0.04,0.3,阴+,0.41,0.31,0.56,0.08,0.05,阴-,0.24,0.43,0.39,0.08,0.1
toffee,太妃糖,太妃糖,正式目录,卷二,甘食部,现代糖品,processed_food,R1,summary_frozen_R1,2026-09-24,jev-1.13.0,jev-tcm-reasoning-v0.4,jev-tcm-pilot-fixtures-v0.4,2026-09-24T11:48:47.022964+00:00,4bc811865eaa956393f9ec8a159c98747ffa42a2311f24a826c76d83c4b29072,references/entries/toffee/mapping.md,qa/jev-entry-batches/09-chilled-confections/raw/toffee.json,平,0.96,0,0,0.97,0.01,0.02,0.04,0.04,0.53,0.04,0.08,0.04,0.04,0.07,0.04,0.04,阳+,0.25,0.17,0.16,0.23,0.44,阴-,0.16,0.37,0.05,0.3,0.28,阳+,0.25,0.26,0.27,0.04,0.43,阴-,0.21,0.41,0.21,0.21,0.17,阴-,0.18,0.38,0.25,0.12,0.25
caramel,焦糖,焦糖,正式目录,卷二,甘食部,现代糖品,processed_food,R1,summary_frozen_R1,2026-09-24,jev-1.13.0,jev-tcm-reasoning-v0.4,jev-tcm-pilot-fixtures-v0.4,2026-09-24T12:07:07.958626+00:00,74b2c9061f7b5ae9fc76d20316ebd29b513b4f2d7c24ff09263438c619893577,references/entries/caramel/mapping.md,qa/jev-entry-batches/10-confections-nuts/raw/caramel.json,平,0.98,0,0,0.98,0.01,0.01,0.04,0.04,0.55,0.04,0.04,0.04,0.04,0.09,0.04,0.04,阳+,0.1,0.19,0.27,0.21,0.33,阴-,0.16,0.37,0.1,0.35,0.18,阳+,0.22,0.23,0.3,0.05,0.42,阴-,0.14,0.36,0.33,0.19,0.12,阴-,0.24,0.43,0.28,0.12,0.17
chewing-gum,口香糖,口香糖,正式目录,卷二,甘食部,现代糖品,processed_food,R1,summary_frozen_R1,2026-09-24,jev-1.13.0,jev-tcm-reasoning-v0.4,jev-tcm-pilot-fixtures-v0.4,2026-09-24T12:07:08.308453+00:00,f23c93a544a26cd723dbdabc60a5ab4410b1c51d149554749ab3d2c577998192,references/entries/chewing-gum/mapping.md,qa/jev-entry-batches/10-confections-nuts/raw/chewing-gum.json,平,1,0,0,1,0,0,0.05,0.04,0.37,0.07,0.04,0.04,0.04,0.08,0.05,0.04,阳-,0.07,0.25,0.23,0.31,0.21,阳-,0.25,0.4,0.07,0.43,0.1,阴-,0.22,0.42,0.29,0.02,0.27,阴+,0.27,0.32,0.45,0.14,0.09,阴-,0.38,0.54,0.24,0.12,0.1
sugar-free-gum,无糖口香糖,无糖口香糖,正式目录,卷二,甘食部,现代糖品,processed_food,R2,summary_frozen_R2,2026-09-24,jev-1.13.0,jev-tcm-reasoning-v0.4,jev-tcm-pilot-fixtures-v0.4,2026-09-24T12:07:08.710985+00:00,752b8782279ea1ac5eda2a81e7a143ff5f46af6a5e7600d4b73067e6d9227bb3,references/entries/sugar-free-gum/mapping.md,qa/jev-entry-batches/10-confections-nuts/raw/sugar-free-gum.json,平,1,0,0,1,0,0,0.05,0.04,0.31,0.05,0.05,0.04,0.04,0.11,0.05,0.04,阳-,0.2,0.37,0.06,0.4,0.17,阴-,0.27,0.46,0.02,0.45,0.07,阴-,0.63,0.72,0.06,0.03,0.19,阴-,0.35,0.52,0.12,0.29,0.07,阴-,0.55,0.67,0.13,0.12,0.08
sugar-substitute-dessert,代糖甜点,代糖甜点,正式目录,卷二,甘食部,现代糖品,processed_food,R2,summary_frozen_R2,2026-09-24,jev-1.13.0,jev-tcm-reasoning-v0.4,jev-tcm-pilot-fixtures-v0.4,2026-09-24T12:07:09.063245+00:00,bbf2925fe87c5296be45d4f20287ee9002b4ee2595a535622cc157553223f089,references/entries/sugar-substitute-dessert/mapping.md,qa/jev-entry-batches/10-confections-nuts/raw/sugar-substitute-dessert.json,平,1,0,0,1,0,0,0.04,0.04,0.3,0.04,0.04,0.04,0.04,0.11,0.04,0.04,阳-,0.39,0.21,0.08,0.54,0.17,阳-,0.27,0.43,0.04,0.45,0.08,阴-,0.54,0.65,0.04,0.06,0.25,阴-,0.21,0.41,0.19,0.3,0.1,阴-,0.42,0.57,0.14,0.18,0.11
low-sugar-dessert,低糖甜点,低糖甜点,正式目录,卷二,甘食部,现代糖品,processed_food,R2,summary_frozen_R2,2026-09-24,jev-1.13.0,jev-tcm-reasoning-v0.4,jev-tcm-pilot-fixtures-v0.4,2026-09-24T12:07:09.448652+00:00,0e6fda40baad09ea13819011c70384d7aaaa19b81410f685688bcf86d2c782a6,references/entries/low-sugar-dessert/mapping.md,qa/jev-entry-batches/10-confections-nuts/raw/low-sugar-dessert.json,平,1,0,0,1,0,0,0.04,0.04,0.15,0.04,0.04,0.04,0.04,0.05,0.03,0.03,阳-,0.34,0.26,0.07,0.51,0.16,阳-,0.38,0.35,0.04,0.54,0.07,阴-,0.32,0.49,0.08,0.11,0.32,阴-,0.2,0.39,0.15,0.39,0.07,阴-,0.35,0.51,0.16,0.2,0.13
protein-bar,蛋白棒,蛋白棒,正式目录,卷二,甘食部,现代糖品,processed_food,R1,summary_frozen_R1,2026-09-24,jev-1.13.0,jev-tcm-reasoning-v0.4,jev-tcm-pilot-fixtures-v0.4,2026-09-24T12:07:09.801128+00:00,a4478364c9c937d42b2094624e851663518f3e890b7add76a97776d2ec363a96,references/entries/protein-bar/mapping.md,qa/jev-entry-batches/10-confections-nuts/raw/protein-bar.json,平,1,0,0,1,0,0,0.04,0.04,0.09,0.04,0.04,0.04,0.04,0.09,0.04,0.04,阳+,0.16,0.25,0.07,0.31,0.37,阴-,0.22,0.42,0.03,0.41,0.14,阴-,0.39,0.54,0.04,0.02,0.4,阴-,0.4,0.55,0.18,0.16,0.11,阴-,0.37,0.53,0.17,0.14,0.16
pistachio,开心果,开心果,正式目录,卷三,坚果种仁部,常见坚果,ingredient,R2,summary_frozen,2026-09-23,jev-1.13.0,jev-tcm-reasoning-v0.4,jev-tcm-pilot-fixtures-v0.4,2026-09-24T12:22:59.064339+00:00,63d1e64b5d5e52ff4c8bea5e161b0a76e950f1ed6383bc40fbb87f98f0135ffb,references/entries/pistachio/mapping.md,qa/jev-entry-batches/10-confections-nuts/raw/pistachio.json,温,0.91,0,0,0.07,0.93,0,0.14,0.05,0.59,0.64,0.06,0.09,0.13,0.45,0.07,0.19,阳+,0.51,0.1,0.08,0.19,0.63,阳+,0.57,0.11,0.05,0.17,0.67,阳+,0.82,0.12,0.01,0,0.87,阳+,0.47,0.25,0.08,0.07,0.6,阳+,0.81,0.08,0.04,0.02,0.86
cashew,腰果,腰果,正式目录,卷三,坚果种仁部,常见坚果,ingredient,R2,summary_frozen_R2,2026-09-24,jev-1.13.0,jev-tcm-reasoning-v0.4,jev-tcm-pilot-fixtures-v0.4,2026-09-24T12:07:10.649770+00:00,3466f439e36fe920518ac45b3bb7b39f2b87a7e23e15aa0aef915829145844cc,references/entries/cashew/mapping.md,qa/jev-entry-batches/10-confections-nuts/raw/cashew.json,平,0.99,0,0,1,0,0,0.05,0.05,0.12,0.06,0.07,0.05,0.06,0.07,0.04,0.06,阳-,0.14,0.23,0.18,0.35,0.24,阴-,0.09,0.31,0.25,0.31,0.13,阳+,0.18,0.3,0.28,0.03,0.39,阴+,0.16,0.36,0.37,0.14,0.13,阴+,0.28,0.35,0.46,0.07,0.12
almond,巴旦木,巴旦木,正式目录,卷三,坚果种仁部,常见坚果,ingredient,R2,summary_frozen_R2,2026-09-24,jev-1.13.0,jev-tcm-reasoning-v0.4,jev-tcm-pilot-fixtures-v0.4,2026-09-24T12:07:10.983239+00:00,38acc89e6c8331be345490b7e2a5f65bd0afb87a86482482657c07fc8bc49b5e,references/entries/almond/mapping.md,qa/jev-entry-batches/10-confections-nuts/raw/almond.json,平,0.98,0,0,0.99,0.01,0,0.07,0.07,0.33,0.07,0.08,0.05,0.06,0.1,0.07,0.07,阴+,0.18,0.23,0.38,0.16,0.23,阴+,0.29,0.31,0.47,0.11,0.11,阳+,0.23,0.21,0.35,0.02,0.42,阴+,0.52,0.27,0.64,0.05,0.04,阴+,0.47,0.28,0.61,0.04,0.07
pecan,碧根果,碧根果,正式目录,卷三,坚果种仁部,常见坚果,ingredient,R2,summary_frozen_R2,2026-09-24,jev-1.13.0,jev-tcm-reasoning-v0.4,jev-tcm-pilot-fixtures-v0.4,2026-09-24T12:07:11.326861+00:00,527a32f1d008bc262f821c18eec24bdaa8c49f7364bef53ab118f3e0ebd295d1,references/entries/pecan/mapping.md,qa/jev-entry-batches/10-confections-nuts/raw/pecan.json,平,0.98,0,0,0.99,0.01,0,0.06,0.06,0.21,0.07,0.09,0.11,0.08,0.1,0.05,0.08,阳-,0.13,0.13,0.24,0.35,0.28,阴+,0.2,0.22,0.4,0.24,0.14,阳+,0.18,0.31,0.25,0.06,0.38,阴+,0.38,0.24,0.55,0.1,0.11,阴+,0.44,0.22,0.58,0.09,0.11
macadamia,夏威夷果,夏威夷果,正式目录,卷三,坚果种仁部,常见坚果,ingredient,R2,summary_frozen_R2,2026-09-24,jev-1.13.0,jev-tcm-reasoning-v0.4,jev-tcm-pilot-fixtures-v0.4,2026-09-24T12:58:19.407960+00:00,42dcc47efe733438fb99cd7e21dc7943807ca517414ed1856c2e1c22e05b51b3,references/entries/macadamia/mapping.md,qa/jev-entry-batches/11-tree-nut-snacks/raw/macadamia.json,平,1,0,0,1,0,0,0.05,0.05,0.14,0.06,0.06,0.04,0.05,0.07,0.04,0.06,阳+,0.13,0.21,0.27,0.18,0.33999999999999997,阴+,0.17,0.3,0.38,0.16,0.16,阴+,0.13,0.29,0.34,0.03,0.34,阴+,0.33,0.29,0.5,0.1,0.11,阴+,0.35,0.29,0.51,0.08,0.12
hazelnut,榛子,榛子,正式目录,卷三,坚果种仁部,常见坚果,ingredient,R2,summary_frozen_R2,2026-09-24,jev-1.13.0,jev-tcm-reasoning-v0.4,jev-tcm-pilot-fixtures-v0.4,2026-09-24T12:58:19.573688+00:00,edf86254dda6ecf3dd4e9e062accb95d40b75149fa066f4741ae120692bff264,references/entries/hazelnut/mapping.md,qa/jev-entry-batches/11-tree-nut-snacks/raw/hazelnut.json,平,0.97,0,0,0.98,0.02,0,0.06,0.05,0.75,0.06,0.07,0.14,0.11,0.35,0.07,0.16,阳+,0.49,0.08,0.15,0.15,0.62,阳+,0.19,0.18,0.35,0.08,0.39,阳+,0.88,0.02,0.06,0,0.92,阴+,0.19,0.21,0.4,0.03,0.36,阳+,0.37,0.08,0.37,0.02,0.53
brazil-nut,巴西坚果,巴西坚果,正式目录,卷三,坚果种仁部,常见坚果,ingredient,R2,summary_frozen_R2,2026-09-24,jev-1.13.0,jev-tcm-reasoning-v0.4,jev-tcm-pilot-fixtures-v0.4,2026-09-24T12:58:19.892672+00:00,83f905c1b5570736f0bc2319c825d6fb8e2d0456a3f26d624f59ac3a21cea087,references/entries/brazil-nut/mapping.md,qa/jev-entry-batches/11-tree-nut-snacks/raw/brazil-nut.json,平,0.99,0,0,1,0,0,0.05,0.05,0.16,0.06,0.07,0.06,0.07,0.07,0.05,0.09,阴+,0.13,0.14,0.34,0.31,0.21,阴+,0.16,0.27,0.36,0.29,0.08,阴+,0.27,0.24,0.45,0.03,0.28,阴+,0.2,0.32,0.4,0.19,0.09,阴+,0.37,0.24,0.53,0.1,0.13
pine-nut-kernels,松子仁,松子仁,正式目录,卷三,坚果种仁部,常见坚果,ingredient,R2,summary_frozen_R2,2026-09-24,jev-1.13.0,jev-tcm-reasoning-v0.4,jev-tcm-pilot-fixtures-v0.4,2026-09-24T12:58:20.062391+00:00,8114c75dfe20d03654292084fcd98ada1f7c3abe0e2f7fea3cd84e04aac7a985,references/entries/pine-nut-kernels/mapping.md,qa/jev-entry-batches/11-tree-nut-snacks/raw/pine-nut-kernels.json,平,0.98,0,0,0.98,0.02,0,0.08,0.06,0.25,0.09,0.06,0.06,0.08,0.1,0.08,0.1,阴+,0.54,0.16,0.65,0.08,0.11,阴+,0.63,0.17,0.73,0.06,0.04,阴+,0.61,0.17,0.7,0.01,0.12,阴+,0.71,0.16,0.78,0.03,0.03,阴+,0.79,0.11,0.84,0.02,0.03
salted-nuts,盐焗坚果,盐焗坚果,正式目录,卷三,坚果种仁部,调味坚果,processed_food,R1,summary_frozen_R1,2026-09-24,jev-1.13.0,jev-tcm-reasoning-v0.4,jev-tcm-pilot-fixtures-v0.4,2026-09-24T12:58:20.219475+00:00,3ce7cc71149e7efb79d99b5829d373889b53b697ed245c59b0560f928c289da0,references/entries/salted-nuts/mapping.md,qa/jev-entry-batches/11-tree-nut-snacks/raw/salted-nuts.json,平,0.97,0,0,0.98,0.02,0,0.04,0.05,0.12,0.08,0.34,0.05,0.06,0.08,0.04,0.06,阳+,0.16,0.26,0.05,0.32,0.37,阴-,0.12,0.33,0.16,0.33,0.18,阴-,0.28,0.46,0.05,0.04,0.45,阴-,0.32,0.5,0.15,0.19,0.16,阴-,0.52,0.64,0.1,0.1,0.16
honey-roasted-nuts,蜂蜜坚果,蜂蜜坚果,正式目录,卷三,坚果种仁部,调味坚果,processed_food,R1,summary_frozen_R1,2026-09-24,jev-1.13.0,jev-tcm-reasoning-v0.4,jev-tcm-pilot-fixtures-v0.4,2026-09-24T12:58:20.381553+00:00,b2e5732b3d4c0411994c59c974e832c133bc65b5fecae68f3ec912a52b420bac,references/entries/honey-roasted-nuts/mapping.md,qa/jev-entry-batches/11-tree-nut-snacks/raw/honey-roasted-nuts.json,平,0.99,0,0,1,0,0,0.04,0.04,0.4,0.06,0.07,0.04,0.05,0.08,0.04,0.05,阴+,0.26,0.16,0.44,0.17,0.23,阴-,0.07,0.3,0.2,0.27,0.23,阴+,0.23,0.2,0.43,0.03,0.34,阴+,0.42,0.27,0.57,0.08,0.08,阴+,0.39,0.29,0.55,0.06,0.1
sugar-coated-nuts,糖衣坚果,糖衣坚果,正式目录,卷三,坚果种仁部,调味坚果,processed_food,R1,summary_frozen_R1,2026-09-24,jev-1.13.0,jev-tcm-reasoning-v0.4,jev-tcm-pilot-fixtures-v0.4,2026-09-24T12:58:20.566474+00:00,67fb7ed49ed018ea3b6c8b932ca3d4a0dc9c6f9e2da7bf0489e936ba48ca5761,references/entries/sugar-coated-nuts/mapping.md,qa/jev-entry-batches/11-tree-nut-snacks/raw/sugar-coated-nuts.json,平,0.97,0,0,0.98,0.01,0.01,0.04,0.04,0.61,0.05,0.04,0.04,0.05,0.09,0.04,0.05,阳+,0.12,0.23,0.22,0.21,0.34,阴-,0.17,0.38,0.15,0.25,0.22,阳+,0.17,0.34,0.26,0.03,0.37,阴-,0.19,0.4,0.34,0.12,0.14,阴-,0.18,0.39,0.3,0.08,0.23
cocoa-coated-nuts,可可坚果,可可坚果,正式目录,卷三,坚果种仁部,调味坚果,processed_food,R1,summary_frozen_R1,2026-09-24,jev-1.13.0,jev-tcm-reasoning-v0.4,jev-tcm-pilot-fixtures-v0.4,2026-09-24T12:58:20.741041+00:00,d40cc170b4fd1329476d1b83055443c90178427358e2ab7e78915b783463b40e,references/entries/cocoa-coated-nuts/mapping.md,qa/jev-entry-batches/11-tree-nut-snacks/raw/cocoa-coated-nuts.json,平,1,0,0,1,0,0,0.05,0.09,0.24,0.05,0.05,0.04,0.05,0.06,0.04,0.05,阳-,0.15,0.29,0.13,0.37,0.21,阳-,0.26,0.37,0.07,0.45,0.11,阴-,0.24,0.43,0.09,0.06,0.42,阴-,0.24,0.43,0.21,0.27,0.09,阴-,0.2,0.39,0.26,0.2,0.15
spicy-nuts,辣味坚果,辣味坚果,正式目录,卷三,坚果种仁部,调味坚果,processed_food,R1,summary_frozen_R1,2026-09-24,jev-1.13.0,jev-tcm-reasoning-v0.4,jev-tcm-pilot-fixtures-v0.4,2026-09-24T12:58:20.899637+00:00,9a32cde42ea29057c7f0aaa03fe3ed4f3502fe02292faf84c23f8421bfdea1a8,references/entries/spicy-nuts/mapping.md,qa/jev-entry-batches/11-tree-nut-snacks/raw/spicy-nuts.json,平,0.88,0,0,0.91,0.06,0.03,0.04,0.06,0.14,0.43,0.17,0.05,0.06,0.08,0.05,0.04,阳+,0.46,0.12,0.01,0.27,0.6,阳+,0.22,0.23,0.03,0.33,0.41,阳+,0.34,0.38,0.02,0.1,0.5,阳+,0.19,0.31,0.02,0.28,0.39,阳+,0.21,0.36,0.04,0.19,0.41
mixed-nuts,混合坚果,混合坚果,正式目录,卷三,坚果种仁部,调味坚果,ingredient,R2,summary_frozen_R2,2026-09-24,jev-1.13.0,jev-tcm-reasoning-v0.4,jev-tcm-pilot-fixtures-v0.4,2026-09-24T12:58:21.087771+00:00,833fba4e957800455caf1cd79461da7e429a804d77d9c0e9fcfc2ff9a5140e42,references/entries/mixed-nuts/mapping.md,qa/jev-entry-batches/11-tree-nut-snacks/raw/mixed-nuts.json,平,1,0,0,1,0,0,0.05,0.05,0.16,0.07,0.09,0.05,0.05,0.08,0.05,0.06,阳+,0.05,0.21,0.27,0.24,0.27999999999999997,阴+,0.13,0.24,0.35,0.27,0.14,阳+,0.34,0.28,0.19,0.03,0.5,阴+,0.19,0.39,0.39,0.12,0.1,阴+,0.37,0.27,0.54,0.06,0.13
nut-fruit-mix,坚果果干混合,坚果果干混合,正式目录,卷三,坚果种仁部,调味坚果,composite_food,R2,summary_frozen_R2,2026-09-24,jev-1.13.0,jev-tcm-reasoning-v0.4,jev-tcm-pilot-fixtures-v0.4,2026-09-24T13:36:13.214892+00:00,53a10c35ed7fa2a70e1b546a04e50a88df89457a54e0388d926169f33ecb74f5,references/entries/nut-fruit-mix/mapping.md,qa/jev-entry-batches/12-seeds-and-butters/raw/nut-fruit-mix.json,平,1,0,0,1,0,0,0.07,0.04,0.25,0.05,0.07,0.06,0.05,0.09,0.04,0.06,阳-,0.03,0.25,0.23,0.28,0.24,阴-,0.14,0.35,0.22,0.28,0.15,阳+,0.31,0.29,0.2,0.02,0.49,阴+,0.25,0.37,0.43,0.12,0.08,阴+,0.29,0.35,0.47,0.08,0.1
chia-seed,奇亚籽,奇亚籽,正式目录,卷三,坚果种仁部,种子与籽类,ingredient,R2,summary_frozen_R2,2026-09-24,jev-1.13.0,jev-tcm-reasoning-v0.4,jev-tcm-pilot-fixtures-v0.4,2026-09-24T13:36:13.559892+00:00,d5bd4b4c306189d6551c5a2bee1acf4cecc8136d396e6523d042e684d3b77e2d,references/entries/chia-seed/mapping.md,qa/jev-entry-batches/12-seeds-and-butters/raw/chia-seed.json,平,1,0,0,1,0,0,0.08,0.06,0.19,0.06,0.06,0.07,0.07,0.13,0.07,0.08,阴+,0.16,0.26,0.37,0.27,0.1,阴-,0.22,0.41,0.34,0.21,0.04,阴-,0.37,0.52,0.25,0.01,0.22,阴+,0.51,0.31,0.63,0.03,0.03,阴+,0.38,0.4,0.53,0.04,0.03
flaxseed,亚麻籽,亚麻籽,正式目录,卷三,坚果种仁部,种子与籽类,ingredient,R2,summary_frozen_R2,2026-09-24,jev-1.13.0,jev-tcm-reasoning-v0.4,jev-tcm-pilot-fixtures-v0.4,2026-09-24T13:36:13.873008+00:00,2e3b520e2bb0c6120e95f176a207e225f8fb16588d1587f5374cd0ed2d9e38c4,references/entries/flaxseed/mapping.md,qa/jev-entry-batches/12-seeds-and-butters/raw/flaxseed.json,温,0.63,0,0,0.29,0.71,0,0.05,0.05,0.76,0.07,0.05,0.17,0.11,0.19,0.09,0.12,阳+,0.31,0.06,0.1,0.36,0.48,阳+,0.16,0.14,0.26,0.23,0.37,阳+,0.59,0.18,0.12,0,0.7,阴+,0.22,0.23,0.41,0.04,0.32,阳+,0.26,0.23,0.25,0.08,0.44
pumpkin-seeds,南瓜籽,南瓜籽,正式目录,卷三,坚果种仁部,种子与籽类,ingredient,R2,summary_frozen_R2,2026-09-24,jev-1.13.0,jev-tcm-reasoning-v0.4,jev-tcm-pilot-fixtures-v0.4,2026-09-24T13:36:14.244041+00:00,23e4562f9dff405231798529b4972e70f5e8764a9223f94694db02743836c64f,references/entries/pumpkin-seeds/mapping.md,qa/jev-entry-batches/12-seeds-and-butters/raw/pumpkin-seeds.json,平,1,0,0,1,0,0,0.06,0.06,0.17,0.07,0.08,0.08,0.08,0.1,0.06,0.09,阳-,0.29,0.15,0.13,0.47000000000000003,0.25,阴-,0.15,0.36,0.26,0.26,0.12,阳+,0.26,0.27,0.27,0.02,0.44,阴-,0.27,0.45,0.3,0.12,0.13,阴+,0.3,0.35,0.47,0.06,0.12
sunflower-seed-kernels,葵花籽仁,葵花籽仁,正式目录,卷三,坚果种仁部,种子与籽类,ingredient,R2,summary_frozen_R2,2026-09-24,jev-1.13.0,jev-tcm-reasoning-v0.4,jev-tcm-pilot-fixtures-v0.4,2026-09-24T13:36:14.563068+00:00,dda0644c66dc4a8abba8b0bc40f0fbc1301ca68fd4134cfaea1a0b2f6fbb72e0,references/entries/sunflower-seed-kernels/mapping.md,qa/jev-entry-batches/12-seeds-and-butters/raw/sunflower-seed-kernels.json,平,0.98,0,0,0.99,0.01,0,0.06,0.05,0.22,0.07,0.11,0.08,0.09,0.11,0.06,0.08,阴-,0.02,0.27,0.27,0.25,0.21,阴+,0.15,0.33,0.37,0.17,0.13,阳+,0.28,0.28,0.24,0.02,0.46,阴-,0.16,0.37,0.35,0.13,0.15,阴+,0.39,0.32,0.54,0.04,0.1
quinoa-crisps,藜麦脆,藜麦脆,正式目录,卷三,坚果种仁部,种子与籽类,processed_food,R1,summary_frozen_R1,2026-09-24,jev-1.13.0,jev-tcm-reasoning-v0.4,jev-tcm-pilot-fixtures-v0.4,2026-09-24T13:36:14.873693+00:00,e45539358c6ac9959e8711f130dd4d7106cef7e683245d95dc645b7a77035522,references/entries/quinoa-crisps/mapping.md,qa/jev-entry-batches/12-seeds-and-butters/raw/quinoa-crisps.json,平,1,0,0,1,0,0,0.04,0.04,0.13,0.05,0.07,0.04,0.04,0.07,0.04,0.04,阳+,0.1,0.26,0.11,0.3,0.33,阳-,0.22,0.38,0.06,0.42,0.14,阳+,0.41,0.34,0.08,0.02,0.56,阴-,0.23,0.42,0.23,0.16,0.19,阴-,0.25,0.44,0.29,0.11,0.16
hemp-protein-food,火麻仁蛋白食品,火麻仁蛋白食品,正式目录,卷三,坚果种仁部,种子与籽类,supplement,R2,summary_frozen_R2,2026-09-24,jev-1.13.0,jev-tcm-reasoning-v0.4,jev-tcm-pilot-fixtures-v0.4,2026-09-24T13:36:15.241242+00:00,5d3f6bc04756cc00dddceba75fefafa6d1e619f8b705b11d10b1b43358939f9a,references/entries/hemp-protein-food/mapping.md,qa/jev-entry-batches/12-seeds-and-butters/raw/hemp-protein-food.json,平,1,0,0,1,0,0,0.05,0.05,0.17,0.06,0.05,0.05,0.06,0.12,0.05,0.06,阳+,0.14,0.17,0.34,0.14,0.35,阴+,0.05,0.28,0.29,0.28,0.15,阳+,0.59,0.13,0.17,0.01,0.69,阴+,0.34,0.26,0.51,0.12,0.11,阴+,0.43,0.28,0.57,0.05,0.1
peanut-butter,花生酱,花生酱,正式目录,卷三,坚果种仁部,坚果酱,processed_food,R2,summary_frozen_R2,2026-09-24,jev-1.13.0,jev-tcm-reasoning-v0.4,jev-tcm-pilot-fixtures-v0.4,2026-09-24T13:36:15.551113+00:00,2f62ef6b0624324626a1ff8d09c37e58fbb1bf222873cb99c97fab9148f326b2,references/entries/peanut-butter/mapping.md,qa/jev-entry-batches/12-seeds-and-butters/raw/peanut-butter.json,平,0.99,0,0,0.99,0.01,0,0.05,0.05,0.26,0.06,0.1,0.06,0.06,0.15,0.05,0.06,阳+,0.47,0.12,0.18,0.09,0.61,阳+,0.1,0.3,0.24,0.13,0.33,阳+,0.64,0.11,0.15,0.01,0.73,阴-,0.18,0.39,0.3,0.07,0.24,阴+,0.22,0.27,0.41,0.06,0.26
almond-butter,杏仁酱,杏仁酱,正式目录,卷三,坚果种仁部,坚果酱,processed_food,R2,summary_frozen_R2,2026-09-24,jev-1.13.0,jev-tcm-reasoning-v0.4,jev-tcm-pilot-fixtures-v0.4,2026-09-24T13:36:16.069135+00:00,b0dced32a271eb5d91df26957f197e61c6369e060794c6e57b37f97d80ce02df,references/entries/almond-butter/mapping.md,qa/jev-entry-batches/12-seeds-and-butters/raw/almond-butter.json,平,0.98,0,0,0.99,0.01,0,0.07,0.06,0.25,0.06,0.1,0.07,0.08,0.12,0.07,0.08,阴+,0.35,0.2,0.51,0.14,0.15,阴+,0.42,0.27,0.56,0.1,0.06,阴+,0.3,0.14,0.48,0.01,0.37,阴+,0.6,0.23,0.69,0.04,0.04,阴+,0.67,0.18,0.76,0.02,0.04
cashew-butter,腰果酱,腰果酱,正式目录,卷三,坚果种仁部,坚果酱,processed_food,R2,summary_frozen_R2,2026-09-24,jev-1.13.0,jev-tcm-reasoning-v0.4,jev-tcm-pilot-fixtures-v0.4,2026-09-24T13:36:16.382323+00:00,d39c1a094d75ca4bcf3e46e72eed42a1e52c1f001b276b237583ad37e1c571d8,references/entries/cashew-butter/mapping.md,qa/jev-entry-batches/12-seeds-and-butters/raw/cashew-butter.json,平,0.99,0,0,1,0,0,0.05,0.05,0.2,0.06,0.1,0.05,0.06,0.09,0.05,0.06,阴+,0.15,0.2,0.36,0.17,0.27,阴+,0.26,0.27,0.45,0.12,0.16,阳+,0.22,0.18,0.39,0.02,0.41,阴+,0.27,0.31,0.45,0.1,0.14,阴+,0.54,0.22,0.65,0.04,0.09
pistachio-butter,开心果酱,开心果酱,正式目录,卷三,坚果种仁部,坚果酱,processed_food,R2,summary_frozen_R2,2026-09-24,jev-1.13.0,jev-tcm-reasoning-v0.4,jev-tcm-pilot-fixtures-v0.4,2026-09-24T14:02:36.294961+00:00,cbbfd00b47438e15f27764c3ea1f3c5f21b00799bfd49bafc8794f004d4648ea,references/entries/pistachio-butter/mapping.md,qa/jev-entry-batches/13-pistachio-and-dairy/raw/pistachio-butter.json,平,0.99,0,0,0.99,0.01,0,0.05,0.05,0.2,0.06,0.07,0.05,0.07,0.1,0.05,0.07,阳+,0.09,0.19,0.31,0.19,0.31,阴+,0.13,0.29,0.34,0.19,0.18,阳+,0.35,0.24,0.24,0.02,0.5,阴-,0.18,0.38,0.37,0.13,0.12,阴+,0.43,0.27,0.58,0.05,0.1
sesame-nut-mix-butter,芝麻坚果混合酱,芝麻坚果混合酱,正式目录,卷三,坚果种仁部,坚果酱,composite_food,R1,summary_frozen_R1,2026-09-24,jev-1.13.0,jev-tcm-reasoning-v0.4,jev-tcm-pilot-fixtures-v0.4,2026-09-24T14:02:36.761981+00:00,08a43d291d4c3a1a709f888912963a9cdbbaeb44a3b98ad90bae5389fcec7124,references/entries/sesame-nut-mix-butter/mapping.md,qa/jev-entry-batches/13-pistachio-and-dairy/raw/sesame-nut-mix-butter.json,平,1,0,0,1,0,0,0.05,0.05,0.2,0.07,0.08,0.05,0.06,0.11,0.05,0.08,阴+,0.39,0.17,0.54,0.08,0.21,阴+,0.44,0.22,0.57,0.11,0.1,阳+,0.24,0.14,0.42,0.01,0.43,阴+,0.54,0.24,0.65,0.05,0.06,阴+,0.75,0.14,0.81,0.02,0.03
fresh-milk,鲜牛奶,鲜牛奶,正式目录,卷四,乳酪与发酵部,乳与酸乳,food,R2,summary_frozen_R2,2026-09-24,jev-1.13.0,jev-tcm-reasoning-v0.4,jev-tcm-pilot-fixtures-v0.4,2026-09-24T14:02:37.179157+00:00,b3fbd4deb9ba430364d3b6d59da37a4d69bec03f69fa3b3dcb009f79275398b7,references/entries/fresh-milk/mapping.md,qa/jev-entry-batches/13-pistachio-and-dairy/raw/fresh-milk.json,凉,0.65,0.1,0.73,0.17,0,0,0.05,0.04,0.94,0.04,0.05,0.1,0.06,0.44,0.14,0.17,阴+,0.53,0.01,0.65,0.33,0.01,阴+,0.42,0.07,0.5700000000000001,0.35,0.01,阴+,0.67,0.01,0.76,0.08,0.15,阴+,0.63,0.02,0.72,0.26,0,阴+,0.82,0.02,0.86,0.11,0.01
low-fat-milk,低脂牛奶,低脂牛奶,正式目录,卷四,乳酪与发酵部,乳与酸乳,food,R2,summary_frozen_R2,2026-09-24,jev-1.13.0,jev-tcm-reasoning-v0.4,jev-tcm-pilot-fixtures-v0.4,2026-09-24T14:02:37.587474+00:00,e8fe9617c10a442866093cd53b0b5e7b3567c0687aaf86edee9365bbe70967fc,references/entries/low-fat-milk/mapping.md,qa/jev-entry-batches/13-pistachio-and-dairy/raw/low-fat-milk.json,平,0.96,0,0,0.98,0.02,0,0.07,0.04,0.36,0.05,0.08,0.07,0.06,0.12,0.06,0.07,阴+,0.41,0.12,0.56,0.11,0.21,阴+,0.15,0.3,0.35,0.22,0.13,阴+,0.44,0.13,0.58,0.01,0.28,阴+,0.63,0.17,0.72,0.05,0.06,阴+,0.52,0.26,0.64,0.02,0.08
skim-milk,脱脂牛奶,脱脂牛奶,正式目录,卷四,乳酪与发酵部,乳与酸乳,food,R1,summary_frozen_R1,2026-09-24,jev-1.13.0,jev-tcm-reasoning-v0.4,jev-tcm-pilot-fixtures-v0.4,2026-09-24T14:02:38.057584+00:00,9c2a2d367edfb946ee22564ec9ab5c7e833483d837df9f8394e3e703766191db,references/entries/skim-milk/mapping.md,qa/jev-entry-batches/13-pistachio-and-dairy/raw/skim-milk.json,平,0.94,0.01,0.02,0.95,0.02,0,0.06,0.04,0.44,0.04,0.07,0.06,0.05,0.16,0.07,0.08,阴+,0.53,0.16,0.65,0.05,0.14,阴+,0.19,0.35,0.38,0.16,0.11,阴+,0.37,0.15,0.53,0.01,0.31,阴+,0.63,0.2,0.73,0.02,0.05,阴+,0.64,0.2,0.73,0.02,0.05
a2-milk,A2牛奶,A2牛奶,正式目录,卷四,乳酪与发酵部,乳与酸乳,processed_food,R2,summary_frozen_R2,2026-09-24,jev-1.13.0,jev-tcm-reasoning-v0.4,jev-tcm-pilot-fixtures-v0.4,2026-09-24T14:02:38.498871+00:00,8f45592a865cdb0cc94db54c9d518674365ba4fd52cf1512b2a409b9c0436ea4,references/entries/a2-milk/mapping.md,qa/jev-entry-batches/13-pistachio-and-dairy/raw/a2-milk.json,平,0.97,0,0,0.98,0.02,0,0.07,0.04,0.34,0.04,0.06,0.04,0.06,0.29,0.05,0.06,阴+,0.37,0.15,0.53,0.12,0.2,阴-,0.2,0.39,0.23,0.26,0.12,阴-,0.16,0.38,0.27,0.02,0.33,阴+,0.44,0.24,0.58,0.1,0.08,阴+,0.55,0.24,0.67,0.03,0.06
high-protein-milk,高蛋白牛奶,高蛋白牛奶,正式目录,卷四,乳酪与发酵部,乳与酸乳,processed_food,R1,summary_frozen_R1,2026-09-24,jev-1.13.0,jev-tcm-reasoning-v0.4,jev-tcm-pilot-fixtures-v0.4,2026-09-24T14:02:38.928347+00:00,72222140f781dbc32d8f2ed5f52455d28d56c7f0bbe228fd7681f2324821d633,references/entries/high-protein-milk/mapping.md,qa/jev-entry-batches/13-pistachio-and-dairy/raw/high-protein-milk.json,平,0.99,0,0,0.99,0.01,0,0.06,0.04,0.28,0.04,0.06,0.06,0.05,0.19,0.05,0.11,阴+,0.33,0.07,0.5,0.04,0.39,阴+,0.15,0.24,0.36,0.08,0.32,阳+,0.62,0.04,0.23,0.01,0.72,阴+,0.63,0.14,0.73,0.03,0.1,阴+,0.54,0.16,0.66,0.03,0.15
lactose-free-milk,无乳糖牛奶,无乳糖牛奶,正式目录,卷四,乳酪与发酵部,乳与酸乳,processed_food,R2,summary_frozen_R2,2026-09-24,jev-1.13.0,jev-tcm-reasoning-v0.4,jev-tcm-pilot-fixtures-v0.4,2026-09-24T14:02:39.383293+00:00,f1474d81448b8866f769e890119a2347ad37516104829c3d6f00ed1e07c60f33,references/entries/lactose-free-milk/mapping.md,qa/jev-entry-batches/13-pistachio-and-dairy/raw/lactose-free-milk.json,平,0.98,0,0,0.99,0.01,0,0.07,0.04,0.36,0.04,0.06,0.04,0.05,0.31,0.06,0.07,阴+,0.39,0.2,0.54,0.08,0.18,阴-,0.26,0.44,0.18,0.24,0.14,阴-,0.28,0.46,0.25,0.01,0.28,阴+,0.41,0.32,0.56,0.05,0.07,阴+,0.42,0.33,0.56,0.03,0.08
yogurt,酸奶,酸奶,正式目录,卷四,乳酪与发酵部,乳与酸乳,fermented_food,R2,summary_frozen,2026-09-23,jev-1.13.0,jev-tcm-reasoning-v0.4,jev-tcm-pilot-fixtures-v0.4,2026-09-24T07:09:09.026744+00:00,9814c02e7e4e01f4e9bd7a60c3a3dfa0d8b4a07d71f894e5411a06eb455f64d1,references/entries/yogurt/mapping.md,qa/jev-ten-batch/raw/yogurt.json,平,0.89,0.01,0.07,0.92,0,0,0.4,0.07,0.4,0.06,0.06,0.12,0.06,0.36,0.06,0.07,阴+,0.17,0.21,0.37,0.2,0.22,阴-,0.34,0.51,0.12,0.24,0.13,阳+,0.26,0.42,0.13,0.01,0.44,阴+,0.27,0.41,0.44,0.06,0.09,阴+,0.36,0.38,0.52,0.02,0.08
greek-yogurt,希腊酸奶,希腊酸奶,正式目录,卷四,乳酪与发酵部,乳与酸乳,fermented_food,R2,summary_frozen_R2,2026-09-24,jev-1.13.0,jev-tcm-reasoning-v0.4,jev-tcm-pilot-fixtures-v0.4,2026-09-24T14:02:39.803076+00:00,9a3c7669b84939d6fc03fb1fb4c185d0671e554d7060e714318a43cff12a3ae1,references/entries/greek-yogurt/mapping.md,qa/jev-entry-batches/13-pistachio-and-dairy/raw/greek-yogurt.json,平,0.97,0.01,0.02,0.97,0,0,0.3,0.07,0.27,0.05,0.07,0.06,0.05,0.14,0.06,0.07,阴+,0.27,0.3,0.45,0.1,0.15,阴-,0.26,0.44,0.23,0.22,0.11,阳+,0.32,0.3,0.2,0.01,0.49,阴+,0.42,0.31,0.57,0.06,0.06,阴+,0.5,0.31,0.61,0.03,0.05
high-protein-yogurt,高蛋白酸奶,高蛋白酸奶,正式目录,卷四,乳酪与发酵部,乳与酸乳,fermented_food,R2,summary_frozen_R2,2026-09-24,jev-1.13.0,jev-tcm-reasoning-v0.4,jev-tcm-pilot-fixtures-v0.4,2026-09-24T14:02:40.252493+00:00,1c7ec0e252bda979ad49baf5571760e1dc033d39b6a339fecba94ab14e42ad04,references/entries/high-protein-yogurt/mapping.md,qa/jev-entry-batches/13-pistachio-and-dairy/raw/high-protein-yogurt.json,平,0.98,0.01,0.01,0.98,0,0,0.18,0.04,0.21,0.04,0.06,0.05,0.04,0.13,0.04,0.05,阳+,0.18,0.23,0.3,0.09,0.38,阴-,0.24,0.44,0.11,0.27,0.18,阳+,0.53,0.2,0.14,0.01,0.65,阴+,0.21,0.36,0.41,0.1,0.13,阴+,0.34,0.34,0.5,0.05,0.11
flavored-yogurt,风味酸奶,风味酸奶,正式目录,卷四,乳酪与发酵部,乳与酸乳,fermented_food,R1,summary_frozen_R1,2026-09-24,jev-1.13.0,jev-tcm-reasoning-v0.4,jev-tcm-pilot-fixtures-v0.4,2026-09-24T14:42:55.259544+00:00,87212c2a669e4461dfb354fd595642887da2fd61dbdd721ce34393ce84dea532,references/entries/flavored-yogurt/mapping.md,qa/jev-entry-batches/14-fermented-dairy-cheese/raw/flavored-yogurt.json,平,0.99,0.01,0,0.99,0,0,0.19,0.04,0.4,0.04,0.05,0.04,0.04,0.09,0.04,0.05,阴+,0.11,0.25,0.33,0.18,0.24,阴-,0.3,0.47,0.1,0.3,0.13,阳+,0.21,0.34,0.24,0.02,0.39999999999999997,阴+,0.27,0.38,0.45,0.09,0.08,阴+,0.3,0.39,0.47,0.05,0.09
shelf-stable-yogurt,常温酸奶,常温酸奶,正式目录,卷四,乳酪与发酵部,乳与酸乳,fermented_food,R1,summary_frozen_R1,2026-09-24,jev-1.13.0,jev-tcm-reasoning-v0.4,jev-tcm-pilot-fixtures-v0.4,2026-09-24T14:42:55.592038+00:00,58bdcdec3da16bcd1dd9c70420fc207152fc4ce9baed3127f9f85960dbe6584f,references/entries/shelf-stable-yogurt/mapping.md,qa/jev-entry-batches/14-fermented-dairy-cheese/raw/shelf-stable-yogurt.json,平,1,0,0,1,0,0,0.19,0.05,0.19,0.05,0.05,0.05,0.04,0.1,0.05,0.05,阴+,0.08,0.23,0.3,0.2,0.27,阴-,0.29,0.47,0.09,0.31,0.13,阳+,0.36,0.33,0.14,0.01,0.52,阴+,0.27,0.35,0.45,0.1,0.1,阴+,0.3,0.37,0.48,0.06,0.09
frozen-yogurt,冻酸奶,冻酸奶,正式目录,卷四,乳酪与发酵部,乳与酸乳,fermented_food,R1,summary_frozen_R1,2026-09-24,jev-1.13.0,jev-tcm-reasoning-v0.4,jev-tcm-pilot-fixtures-v0.4,2026-09-24T14:42:54.926248+00:00,e516cc567f148128b4bb298195e5bc74bfe4e4cebc0823fc6d7fb80b0809b511,references/entries/frozen-yogurt/mapping.md,qa/jev-entry-batches/14-fermented-dairy-cheese/raw/frozen-yogurt.json,平,0.85,0.07,0.05,0.88,0,0,0.15,0.04,0.26,0.04,0.05,0.04,0.04,0.09,0.04,0.05,阴+,0.09,0.25,0.31,0.26,0.18,阴-,0.29,0.47000000000000003,0.08,0.35,0.1,阴-,0.22,0.42,0.15,0.03,0.4,阴-,0.17,0.37,0.35,0.2,0.08,阴+,0.23,0.41,0.41,0.1,0.08
mozzarella-cheese,马苏里拉奶酪,马苏里拉奶酪,正式目录,卷四,乳酪与发酵部,奶酪与乳脂,cheese,R1,summary_frozen_R1,2026-09-24,jev-1.13.0,jev-tcm-reasoning-v0.4,jev-tcm-pilot-fixtures-v0.4,2026-09-24T14:42:55.935005+00:00,8e7a1c0999c25a7ece8cc22d5ccb24861f1d5c909f679643c7b70596f9a432db,references/entries/mozzarella-cheese/mapping.md,qa/jev-entry-batches/14-fermented-dairy-cheese/raw/mozzarella-cheese.json,平,0.99,0,0,1,0,0,0.06,0.04,0.11,0.04,0.22,0.04,0.04,0.06,0.04,0.04,阴-,0.04,0.28,0.24,0.2,0.28,阴-,0.33,0.5,0.13,0.23,0.14,阴-,0.24,0.44,0.2,0.04,0.32,阴-,0.23,0.42,0.37,0.1,0.11,阴-,0.35,0.52,0.3,0.07,0.11
cheddar-cheese,切达奶酪,切达奶酪,正式目录,卷四,乳酪与发酵部,奶酪与乳脂,cheese,R2,summary_frozen_R2,2026-09-24,jev-1.13.0,jev-tcm-reasoning-v0.4,jev-tcm-pilot-fixtures-v0.4,2026-09-24T14:42:56.277486+00:00,5b32e7f4bcb2d1466dffe975e5ddd37cd4735a6c98077af7244786b54576d1dd,references/entries/cheddar-cheese/mapping.md,qa/jev-entry-batches/14-fermented-dairy-cheese/raw/cheddar-cheese.json,平,0.96,0,0,0.97,0.03,0,0.09,0.04,0.14,0.06,0.29,0.09,0.06,0.09,0.04,0.05,阳+,0.22,0.2,0.12,0.26,0.42,阴-,0.22,0.42,0.08,0.3,0.2,阳+,0.26,0.32,0.22,0.02,0.44,阴-,0.31,0.48,0.25,0.1,0.17,阴-,0.24,0.43,0.35,0.04,0.18
parmesan-cheese,帕玛森奶酪,帕玛森奶酪,正式目录,卷四,乳酪与发酵部,奶酪与乳脂,cheese,R1,summary_frozen_R1,2026-09-24,jev-1.13.0,jev-tcm-reasoning-v0.4,jev-tcm-pilot-fixtures-v0.4,2026-09-24T14:42:56.597747+00:00,0c63a5fa2cee7bf1dfb3c4682c447db34c2b269bb56d36e5dbff760aa0156e78,references/entries/parmesan-cheese/mapping.md,qa/jev-entry-batches/14-fermented-dairy-cheese/raw/parmesan-cheese.json,平,0.98,0,0,0.99,0.01,0,0.07,0.05,0.13,0.06,0.26,0.08,0.05,0.08,0.05,0.07,阳-,0.41,0.12,0.07,0.56,0.25,阳-,0.3,0.33,0.04,0.48,0.15,阳+,0.22,0.38,0.15,0.05,0.42,阴-,0.29,0.47,0.21,0.16,0.16,阴-,0.23,0.42,0.2,0.23,0.15
cream-cheese,奶油奶酪,奶油奶酪,正式目录,卷四,乳酪与发酵部,奶酪与乳脂,cheese,R1,summary_frozen_R1,2026-09-24,jev-1.13.0,jev-tcm-reasoning-v0.4,jev-tcm-pilot-fixtures-v0.4,2026-09-24T14:42:56.914783+00:00,f4a1c153a0bd0ac9a9662b490fcd6bd4bf91bdb72de2c66edf6da26b9bab1755,references/entries/cream-cheese/mapping.md,qa/jev-entry-batches/14-fermented-dairy-cheese/raw/cream-cheese.json,平,0.98,0,0,0.99,0.01,0,0.18,0.04,0.2,0.05,0.15,0.05,0.05,0.09,0.04,0.05,阴+,0.13,0.21,0.35,0.13,0.31,阴-,0.17,0.38,0.27,0.18,0.17,阴+,0.23,0.27,0.42,0.02,0.29,阴+,0.2,0.37,0.4,0.1,0.13,阴+,0.35,0.32,0.51,0.06,0.11
processed-cheese,再制奶酪,再制奶酪,正式目录,卷四,乳酪与发酵部,奶酪与乳脂,processed_food,R1,summary_frozen_R1,2026-09-24,jev-1.13.0,jev-tcm-reasoning-v0.4,jev-tcm-pilot-fixtures-v0.4,2026-09-24T14:42:57.251144+00:00,5f884477e01225ea2bd444cba08ccb66342d1ca9895163dffa571eeab2454f72,references/entries/processed-cheese/mapping.md,qa/jev-entry-batches/14-fermented-dairy-cheese/raw/processed-cheese.json,平,0.99,0,0,0.99,0.01,0,0.06,0.04,0.11,0.05,0.35,0.04,0.04,0.07,0.04,0.1,阴-,0.09,0.32,0.14,0.25,0.29,阴-,0.3,0.47,0.08,0.29,0.16,阴-,0.29,0.46,0.17,0.03,0.34,阴-,0.37,0.53,0.23,0.12,0.12,阴-,0.6,0.7,0.13,0.07,0.1
butter,黄油,黄油,正式目录,卷四,乳酪与发酵部,奶酪与乳脂,dairy_fat,R2,summary_frozen_R2,2026-09-24,jev-1.13.0,jev-tcm-reasoning-v0.4,jev-tcm-pilot-fixtures-v0.4,2026-09-24T14:42:57.588026+00:00,bbd1c8a56fcc793bd98fe3c9f15a6f92943815fb830dbbb0e6cf30aee26aa1a9,references/entries/butter/mapping.md,qa/jev-entry-batches/14-fermented-dairy-cheese/raw/butter.json,平,0.89,0,0,0.91,0.08,0.01,0.06,0.04,0.19,0.05,0.12,0.08,0.06,0.1,0.04,0.05,阳+,0.38,0.15,0.17,0.14,0.54,阳+,0.12,0.29,0.26,0.11,0.34,阳+,0.36,0.17,0.3,0.01,0.52,阴+,0.19,0.3,0.39,0.08,0.23,阴+,0.16,0.28,0.38,0.04,0.3
cream,淡奶油,淡奶油,正式目录,卷四,乳酪与发酵部,奶酪与乳脂,dairy_fat,R1,summary_frozen_R1,2026-09-24,jev-1.13.0,jev-tcm-reasoning-v0.4,jev-tcm-pilot-fixtures-v0.4,2026-09-24T14:42:57.927824+00:00,5fd3aa5a78d960f3650445a2aff1b59242986e1af60fc1e7cd511ad7be9871d5,references/entries/cream/mapping.md,qa/jev-entry-batches/14-fermented-dairy-cheese/raw/cream.json,平,0.97,0,0,0.98,0.02,0,0.06,0.04,0.21,0.05,0.06,0.05,0.05,0.09,0.04,0.05,阴+,0.33,0.14,0.51,0.08,0.27,阴+,0.18,0.35,0.38,0.13,0.14,阴+,0.42,0.21,0.56,0.02,0.21,阴+,0.43,0.28,0.58,0.05,0.09,阴+,0.41,0.28,0.56,0.05,0.11
milk-cap,奶盖,奶盖,正式目录,卷四,乳酪与发酵部,奶酪与乳脂,processed_food,R1,summary_frozen_R1,2026-09-24,jev-1.13.0,jev-tcm-reasoning-v0.4,jev-tcm-pilot-fixtures-v0.4,2026-09-24T15:14:20.621957+00:00,b708ed7f03919b7a93be49b19d793225375ea6487bcfb30478c041e0d2dda7ec,references/entries/milk-cap/mapping.md,qa/jev-entry-batches/15-fermented-foods-and-avocado/raw/milk-cap.json,平,0.99,0,0,1,0,0,0.05,0.04,0.15,0.04,0.08,0.04,0.04,0.06,0.04,0.04,阴+,0.08,0.23,0.31,0.19,0.27,阴-,0.21,0.41,0.13,0.32,0.14,阴-,0.18,0.39,0.33,0.03,0.25,阴-,0.16,0.36,0.34,0.17,0.13,阴-,0.24,0.43,0.36,0.09,0.12
kefir,开菲尔,开菲尔,正式目录,卷四,乳酪与发酵部,发酵食品,fermented_food,R2,summary_frozen_R2,2026-09-24,jev-1.13.0,jev-tcm-reasoning-v0.4,jev-tcm-pilot-fixtures-v0.4,2026-09-24T15:14:20.975646+00:00,8b08c82fd74e9ace27a93e12615f70f87274616e2285683d90b9f73f5f1ff77e,references/entries/kefir/mapping.md,qa/jev-entry-batches/15-fermented-foods-and-avocado/raw/kefir.json,平,0.98,0,0.01,0.99,0,0,0.19,0.06,0.19,0.06,0.05,0.05,0.05,0.13,0.06,0.06,阴+,0.06,0.28,0.29,0.19,0.24,阴-,0.34,0.51,0.08,0.28,0.13,阴-,0.29,0.47,0.11,0.02,0.4,阴-,0.22,0.42,0.31,0.15,0.12,阴-,0.27,0.45,0.41,0.04,0.1
kombucha,康普茶,康普茶,正式目录,卷四,乳酪与发酵部,发酵食品,fermented_food,R1,summary_frozen_R1,2026-09-24,jev-1.13.0,jev-tcm-reasoning-v0.4,jev-tcm-pilot-fixtures-v0.4,2026-09-24T07:09:10.805551+00:00,9b0165c1419b59dec9df01718a0fb9574c603a4d020271833deba66d0d871c5f,references/entries/kombucha/mapping.md,qa/jev-ten-batch/raw/kombucha.json,平,0.98,0,0.01,0.99,0,0,0.13,0.08,0.13,0.06,0.04,0.05,0.06,0.09,0.06,0.06,阳-,0.39,0.29,0.05,0.55,0.11,阴-,0.33,0.49,0.03,0.42,0.06,阴-,0.5,0.63,0.03,0.09,0.25,阴-,0.26,0.45,0.13,0.38,0.04,阴-,0.54,0.65,0.09,0.19,0.07
natto,纳豆,纳豆,正式目录,卷四,乳酪与发酵部,发酵食品,fermented_food,R2,summary_frozen_R2,2026-09-24,jev-1.13.0,jev-tcm-reasoning-v0.4,jev-tcm-pilot-fixtures-v0.4,2026-09-24T15:14:21.355865+00:00,f00c3010cf159d82818f8550fee42d248691eea0169c39cf00ecadd84761b637,references/entries/natto/mapping.md,qa/jev-entry-batches/15-fermented-foods-and-avocado/raw/natto.json,平,0.99,0,0,0.99,0.01,0,0.07,0.08,0.18,0.1,0.07,0.07,0.09,0.12,0.06,0.22,阳-,0.07,0.29,0.12,0.31,0.28,阴-,0.2,0.4,0.14,0.31,0.15,阴-,0.29,0.46,0.09,0.02,0.43,阴-,0.22,0.42,0.28,0.17,0.13,阴+,0.31,0.24,0.49,0.02,0.25
kimchi,韩式泡菜,韩式泡菜,正式目录,卷四,乳酪与发酵部,发酵食品,fermented_food,R2,summary_frozen_R2,2026-09-24,jev-1.13.0,jev-tcm-reasoning-v0.4,jev-tcm-pilot-fixtures-v0.4,2026-09-24T15:23:45.009934+00:00,6cb6ce9377b4291053de5d8126b875ef85add0f07d53c7f822a3c7657d06a8e4,references/entries/kimchi/mapping.md,qa/jev-entry-batches/15-fermented-foods-and-avocado/raw/kimchi.json,平,0.88,0.02,0.06,0.9,0.02,0,0.39,0.07,0.09,0.32,0.37,0.05,0.08,0.13,0.06,0.06,阴-,0.27,0.45,0.04,0.3,0.21,阴-,0.47,0.6,0.02,0.31,0.07,阴-,0.6,0.7,0.02,0.02,0.26,阴-,0.5,0.63,0.1,0.2,0.07,阴-,0.78,0.84,0.04,0.06,0.06
pickled-cucumber,酸黄瓜,酸黄瓜,正式目录,卷四,乳酪与发酵部,发酵食品,fermented_food,R1,summary_frozen_R1,2026-09-24,jev-1.13.0,jev-tcm-reasoning-v0.4,jev-tcm-pilot-fixtures-v0.4,2026-09-24T15:14:22.065668+00:00,ec5e4b8c93045134d77e17be4f7ce95d8415031a4895b09a8dbcff2ed49679b4,references/entries/pickled-cucumber/mapping.md,qa/jev-entry-batches/15-fermented-foods-and-avocado/raw/pickled-cucumber.json,平,0.89,0.02,0.07,0.91,0,0,0.54,0.06,0.06,0.06,0.34,0.04,0.06,0.12,0.06,0.06,阴-,0.29,0.47,0.06,0.35,0.12,阴-,0.39,0.54,0.05,0.38,0.03,阴-,0.67,0.76,0.02,0.03,0.19,阴-,0.51,0.64,0.1,0.22,0.04,阴-,0.78,0.83,0.06,0.07,0.04
sauerkraut,德国酸菜,德国酸菜,正式目录,卷四,乳酪与发酵部,发酵食品,fermented_food,R2,summary_frozen_R2,2026-09-24,jev-1.13.0,jev-tcm-reasoning-v0.4,jev-tcm-pilot-fixtures-v0.4,2026-09-24T15:14:22.448207+00:00,3732c6a8d1ca1877efe5719f4d0dcd605c5be3b69fe66b168630159f92e25a52,references/entries/sauerkraut/mapping.md,qa/jev-entry-batches/15-fermented-foods-and-avocado/raw/sauerkraut.json,平,0.89,0.02,0.07,0.9,0.01,0,0.41,0.06,0.08,0.08,0.26,0.06,0.07,0.14,0.06,0.06,阳-,0.29,0.36,0.04,0.46,0.14,阴-,0.54,0.65,0.02,0.28,0.04,阴-,0.66,0.74,0.02,0.02,0.22,阴-,0.57,0.68,0.09,0.18,0.05,阴-,0.74,0.8,0.05,0.09,0.06
miso,味噌,味噌,正式目录,卷四,乳酪与发酵部,发酵食品,fermented_food,R2,summary_frozen_R2,2026-09-24,jev-1.13.0,jev-tcm-reasoning-v0.4,jev-tcm-pilot-fixtures-v0.4,2026-09-24T15:14:22.835747+00:00,81562a62181a9d22d5d342dde019dc57e4142d4351bf6ed94e249620e04e508b,references/entries/miso/mapping.md,qa/jev-entry-batches/15-fermented-foods-and-avocado/raw/miso.json,平,0.97,0,0,0.98,0.02,0,0.07,0.07,0.13,0.1,0.58,0.1,0.08,0.12,0.05,0.09,阳-,0.46,0.16,0.03,0.6,0.21,阳-,0.29,0.4,0.03,0.45999999999999996,0.11,阴-,0.38,0.53,0.03,0.02,0.42,阴-,0.46,0.6,0.06,0.19,0.15,阴-,0.5,0.62,0.06,0.2,0.12
tempeh,天贝,天贝,正式目录,卷四,乳酪与发酵部,发酵食品,fermented_food,R2,summary_frozen_R2,2026-09-24,jev-1.13.0,jev-tcm-reasoning-v0.4,jev-tcm-pilot-fixtures-v0.4,2026-09-24T15:14:23.242777+00:00,99a2987505a5db159c20d6fbfe7b52e74ca6c0e49b9e8235df8efc0f7c4b45a1,references/entries/tempeh/mapping.md,qa/jev-entry-batches/15-fermented-foods-and-avocado/raw/tempeh.json,平,0.99,0,0,1,0,0,0.08,0.07,0.23,0.08,0.07,0.07,0.08,0.15,0.06,0.07,阴-,0.12,0.34,0.14,0.26,0.26,阴-,0.31,0.48,0.06,0.27,0.19,阳+,0.38,0.4,0.05,0.01,0.54,阴-,0.43,0.57,0.16,0.09,0.18,阴-,0.36,0.51,0.29,0.06,0.14
fermented-chili-sauce,发酵辣椒酱,发酵辣椒酱,正式目录,卷四,乳酪与发酵部,发酵食品,processed_food,R2,summary_frozen_R2,2026-09-24,jev-1.13.0,jev-tcm-reasoning-v0.4,jev-tcm-pilot-fixtures-v0.4,2026-09-24T15:14:23.608412+00:00,b02379cd38afe183118ac7590ece140cccc0b95cf98fffd2c5ba08ee133a4b8e,references/entries/fermented-chili-sauce/mapping.md,qa/jev-entry-batches/15-fermented-foods-and-avocado/raw/fermented-chili-sauce.json,平,0.66,0,0,0.73,0.15,0.12,0.24,0.08,0.11,0.49,0.32,0.05,0.07,0.09,0.06,0.05,阳+,0.4,0.18,0.01,0.26,0.55,阴-,0.13,0.34,0.01,0.31,0.34,阴-,0.4,0.55,0.01,0.04,0.4,阴-,0.16,0.37,0.02,0.26,0.35,阴-,0.3,0.47,0.02,0.12,0.39
avocado,牛油果,牛油果,正式目录,卷五,新果蔬部,现代常见水果,ingredient,R2,summary_frozen_R2,2026-09-24,jev-1.13.0,jev-tcm-reasoning-v0.4,jev-tcm-pilot-fixtures-v0.4,2026-09-24T15:14:23.967168+00:00,7d5d9d3c5203f87e2fd5642114ed972dc308483a9c5088913a7422fb5fa10c11,references/entries/avocado/mapping.md,qa/jev-entry-batches/15-fermented-foods-and-avocado/raw/avocado.json,平,0.99,0,0,1,0,0,0.07,0.05,0.21,0.05,0.05,0.1,0.09,0.12,0.05,0.06,阴+,0.38,0.18,0.54,0.18,0.1,阴+,0.43,0.24,0.57,0.15,0.04,阴+,0.32,0.24,0.48,0.02,0.26,阴+,0.51,0.27,0.63,0.06,0.04,阴+,0.49,0.29,0.61,0.04,0.06
blueberry,蓝莓,蓝莓,正式目录,卷五,新果蔬部,现代常见水果,ingredient,R2,summary_frozen_R2,2026-09-24,jev-1.13.0,jev-tcm-reasoning-v0.4,jev-tcm-pilot-fixtures-v0.4,2026-09-25T05:31:42.347712+00:00,51e727d9eda76e328e26809252383563826d7bfe58b666086a500ed9e7d443f3,references/entries/blueberry/mapping.md,qa/jev-entry-batches/16-berries-and-tropical-fruits/raw/blueberry.json,平,0.98,0,0.02,0.98,0,0,0.14,0.06,0.31,0.04,0.04,0.15,0.08,0.07,0.06,0.07,阴+,0.54,0.08,0.65,0.18,0.09,阴+,0.39,0.19,0.53,0.26,0.02,阴+,0.31,0.32,0.49,0.02,0.17,阴+,0.59,0.17,0.7,0.12,0.01,阴+,0.69,0.18,0.77,0.04,0.01
cranberry,蔓越莓,蔓越莓,正式目录,卷五,新果蔬部,现代常见水果,ingredient,R2,summary_frozen_R2,2026-09-24,jev-1.13.0,jev-tcm-reasoning-v0.4,jev-tcm-pilot-fixtures-v0.4,2026-09-25T05:31:42.883476+00:00,65e55c732a331457b63393745bab31d0ff753e63385850eb5aae60e0ad7cc66f,references/entries/cranberry/mapping.md,qa/jev-entry-batches/16-berries-and-tropical-fruits/raw/cranberry.json,平,0.8,0.04,0.12,0.84,0,0,0.9,0.05,0.11,0.04,0.04,0.06,0.06,0.11,0.07,0.35,阴+,0.19,0.35,0.39,0.23,0.03,阴-,0.17,0.37,0.27,0.34,0.02,阴-,0.42,0.56,0.34,0.04,0.05,阴+,0.2,0.38,0.4,0.21,0.01,阴-,0.66,0.73,0.19,0.07,0.01
raspberry,树莓（红树莓）,树莓,正式目录,卷五,新果蔬部,现代常见水果,ingredient,R1,summary_frozen_R1,2026-09-24,jev-1.13.0,jev-tcm-reasoning-v0.4,jev-tcm-pilot-fixtures-v0.4,2026-09-25T05:31:43.287337+00:00,b8f2ddc66320cf93f26cdddea12efebd332b6592d85c23b310d96eeb3afd45db,references/entries/raspberry/mapping.md,qa/jev-entry-batches/16-berries-and-tropical-fruits/raw/raspberry.json,平,0.96,0,0.03,0.97,0,0,0.17,0.05,0.46,0.05,0.04,0.06,0.06,0.11,0.06,0.06,阴+,0.46,0.14,0.59,0.21,0.06,阴+,0.34,0.23,0.51,0.24,0.02,阴+,0.24,0.4,0.43,0.02,0.15,阴+,0.64,0.16,0.73,0.09,0.02,阴+,0.53,0.28,0.65,0.05,0.02
blackberry,黑莓,黑莓,正式目录,卷五,新果蔬部,现代常见水果,ingredient,R1,summary_frozen_R1,2026-09-24,jev-1.13.0,jev-tcm-reasoning-v0.4,jev-tcm-pilot-fixtures-v0.4,2026-09-25T05:31:43.707308+00:00,cb2a7da314b39789c1caf297434dcefcc8c686506a6bc34ce9b21e5a2798a9c9,references/entries/blackberry/mapping.md,qa/jev-entry-batches/16-berries-and-tropical-fruits/raw/blackberry.json,平,0.91,0.02,0.06,0.92,0,0,0.16,0.06,0.27,0.05,0.05,0.06,0.08,0.11,0.06,0.07,阴+,0.46,0.14,0.59,0.24,0.03,阴+,0.33,0.2,0.5,0.29,0.01,阴+,0.25,0.36,0.44,0.03,0.17,阴+,0.53,0.17,0.65,0.16,0.02,阴+,0.66,0.18,0.75,0.06,0.01
grapefruit,西柚,西柚,正式目录,卷五,新果蔬部,现代常见水果,ingredient,R2,summary_frozen_R2,2026-09-24,jev-1.13.0,jev-tcm-reasoning-v0.4,jev-tcm-pilot-fixtures-v0.4,2026-09-25T05:31:44.151324+00:00,491f4b378dd5ff25b21d8b92dca9f10f02e911b91b91abe148a22db2240fa2af,references/entries/grapefruit/mapping.md,qa/jev-entry-batches/16-berries-and-tropical-fruits/raw/grapefruit.json,平,0.84,0.01,0.12,0.87,0,0,0.21,0.12,0.31,0.1,0.04,0.06,0.09,0.1,0.07,0.05,阴+,0.14,0.23,0.36,0.31,0.1,阳-,0.2,0.34,0.21,0.4,0.05,阴-,0.31,0.48,0.29,0.04,0.19,阴+,0.52,0.19,0.64,0.14,0.03,阴-,0.29,0.47,0.38,0.11,0.04
kiwi,猕猴桃,奇异果,正式目录,卷五,新果蔬部,现代常见水果,ingredient,R2,summary_frozen_R2,2026-09-24,jev-1.13.0,jev-tcm-reasoning-v0.4,jev-tcm-pilot-fixtures-v0.4,2026-09-25T05:31:44.781123+00:00,d59226a84fcaabaf51790d2e004c5ffcc9b5aab68fe4e432bc546a51766c5a6c,references/entries/kiwi/mapping.md,qa/jev-entry-batches/16-berries-and-tropical-fruits/raw/kiwi.json,寒,0.75,0.8,0.16,0.04,0,0,0.86,0.06,0.86,0.05,0.05,0.08,0.1,0.56,0.1,0.09,阴+,0.27,0.1,0.46,0.42,0.02,阳-,0.42,0.16,0.26,0.56,0.02,阴-,0.57,0.67,0.11,0.14,0.08,阴+,0.41,0.16,0.55,0.28,0.01,阴+,0.32,0.21,0.49,0.28,0.02
dragon-fruit,火龙果,火龙果,正式目录,卷五,新果蔬部,现代常见水果,ingredient,R1,summary_frozen_R1,2026-09-24,jev-1.13.0,jev-tcm-reasoning-v0.4,jev-tcm-pilot-fixtures-v0.4,2026-09-25T05:31:45.194840+00:00,2eec766c64b7f5750d60dc915979124a09bc0abf0e210e89996291d3e6c5696b,references/entries/dragon-fruit/mapping.md,qa/jev-entry-batches/16-berries-and-tropical-fruits/raw/dragon-fruit.json,平,0.92,0.02,0.05,0.9299999999999999,0,0,0.08,0.05,0.35,0.05,0.05,0.19,0.1,0.09,0.06,0.07,阳+,0.13,0.06,0.34,0.26,0.33999999999999997,阴+,0.22,0.21,0.42,0.31,0.06,阴+,0.37,0.29,0.52,0.02,0.17,阴+,0.62,0.16,0.72,0.1,0.02,阴+,0.48,0.26,0.62,0.09,0.03
passion-fruit,百香果,百香果,正式目录,卷五,新果蔬部,现代常见水果,ingredient,R1,summary_frozen_R1,2026-09-24,jev-1.13.0,jev-tcm-reasoning-v0.4,jev-tcm-pilot-fixtures-v0.4,2026-09-25T05:31:45.608691+00:00,cd1c519ee4968f2e41b7b45b484d4481d6f21d9e4db4d03782ca0e814ba3d657,references/entries/passion-fruit/mapping.md,qa/jev-entry-batches/16-berries-and-tropical-fruits/raw/passion-fruit.json,平,0.96,0,0.03,0.97,0,0,0.73,0.06,0.24,0.05,0.04,0.06,0.07,0.09,0.06,0.06,阴+,0.33,0.2,0.5,0.26,0.04,阳-,0.17,0.32,0.28,0.37,0.03,阴+,0.25,0.39,0.44,0.03,0.14,阴+,0.5,0.25,0.62,0.11,0.02,阴+,0.35,0.37,0.51,0.09,0.03
durian,榴莲,榴莲,正式目录,卷五,新果蔬部,现代常见水果,ingredient,R1,summary_frozen_R1,2026-09-24,jev-1.13.0,jev-tcm-reasoning-v0.4,jev-tcm-pilot-fixtures-v0.4,2026-09-25T05:31:46.171343+00:00,52713699229c3f18d943fdde2e2efadb82f34bcfc8d3b8dc61eea7b0800770a9,references/entries/durian/mapping.md,qa/jev-entry-batches/16-berries-and-tropical-fruits/raw/durian.json,平,0.94,0,0,0.95,0.04,0.01,0.06,0.04,0.28,0.06,0.05,0.1,0.06,0.13,0.05,0.06,阳+,0.57,0.05,0.1,0.17,0.68,阳+,0.12,0.25,0.24,0.18,0.33,阳+,0.43,0.13,0.29,0.01,0.57,阴+,0.22,0.32,0.42,0.09,0.17,阴+,0.16,0.29,0.38,0.04,0.29
custard-apple,释迦（番荔枝）,释迦,正式目录,卷五,新果蔬部,现代常见水果,ingredient,R1,summary_frozen_R1,2026-09-24,jev-1.13.0,jev-tcm-reasoning-v0.4,jev-tcm-pilot-fixtures-v0.4,2026-09-25T05:31:46.584001+00:00,c3971ffa89533d095f774149204016f1a8941eed4788d44ba2499010904b0bf2,references/entries/custard-apple/mapping.md,qa/jev-entry-batches/16-berries-and-tropical-fruits/raw/custard-apple.json,平,0.99,0,0,1,0,0,0.07,0.04,0.38,0.05,0.05,0.05,0.06,0.1,0.06,0.06,阴+,0.48,0.14,0.6,0.13,0.13,阴+,0.22,0.29,0.42,0.22,0.07,阴+,0.38,0.13,0.52,0.01,0.34,阴+,0.64,0.17,0.72,0.07,0.04,阴+,0.54,0.26,0.65,0.03,0.06
avocado-puree,牛油果泥,牛油果泥,正式目录,卷五,新果蔬部,现代常见水果,processed_food,R1,summary_frozen_R1,2026-09-24,jev-1.13.0,jev-tcm-reasoning-v0.4,jev-tcm-pilot-fixtures-v0.4,2026-09-25T05:57:24.076617+00:00,ad081cb52109c6807281d0e8cbab3038d7c93d30e0ed66512827f855cb39c887,references/entries/avocado-puree/mapping.md,qa/jev-entry-batches/17-modern-fruits-and-vegetables/raw/avocado-puree.json,平,0.99,0,0,1,0,0,0.07,0.05,0.29,0.05,0.06,0.09,0.08,0.15,0.05,0.07,阴+,0.5,0.1,0.62,0.14,0.14,阴+,0.63,0.17,0.72,0.07,0.04,阴+,0.4,0.15,0.55,0.02,0.28,阴+,0.65,0.18,0.73,0.06,0.03,阴+,0.71,0.16,0.79,0.02,0.03
frozen-berries,冷冻莓果,冷冻莓果,正式目录,卷五,新果蔬部,现代常见水果,composite_food,R1,summary_frozen_R1,2026-09-24,jev-1.13.0,jev-tcm-reasoning-v0.4,jev-tcm-pilot-fixtures-v0.4,2026-09-25T05:57:24.244118+00:00,bc1282c55278a2a3d29c228a841382eb418f58c533a939171f8602f83b2e8e0e,references/entries/frozen-berries/mapping.md,qa/jev-entry-batches/17-modern-fruits-and-vegetables/raw/frozen-berries.json,平,0.92,0.03,0.03,0.94,0,0,0.17,0.04,0.17,0.04,0.04,0.05,0.05,0.06,0.05,0.05,阴+,0.36,0.2,0.51,0.24,0.05,阴+,0.14,0.32,0.35,0.31,0.02,阴+,0.24,0.36,0.43,0.04,0.17,阴+,0.36,0.25,0.53,0.2,0.02,阴+,0.34,0.41,0.5,0.07,0.02
broccoli,西兰花,西兰花,正式目录,卷五,新果蔬部,现代常见蔬菜,ingredient,R2,summary_frozen_R2,2026-09-24,jev-1.13.0,jev-tcm-reasoning-v0.4,jev-tcm-pilot-fixtures-v0.4,2026-09-25T05:57:24.396466+00:00,33e6676e3b032857597a0b42fa6dadc97ebd8819e5529757a38f6454ef6e9eb4,references/entries/broccoli/mapping.md,qa/jev-entry-batches/17-modern-fruits-and-vegetables/raw/broccoli.json,平,0.96,0.01,0.02,0.97,0,0,0.05,0.11,0.17,0.09,0.05,0.1,0.09,0.1,0.07,0.06,阳-,0.18,0.38,0.14,0.39,0.09,阳-,0.29,0.45,0.05,0.47,0.03,阴-,0.47,0.61,0.12,0.04,0.23,阴-,0.17,0.38,0.3,0.29,0.03,阴-,0.36,0.52,0.24,0.2,0.04
kale,羽衣甘蓝,羽衣甘蓝,正式目录,卷五,新果蔬部,现代常见蔬菜,ingredient,R2,summary_frozen_R2,2026-09-24,jev-1.13.0,jev-tcm-reasoning-v0.4,jev-tcm-pilot-fixtures-v0.4,2026-09-25T05:57:24.598248+00:00,93de403d34ba39b3bd8b009cae31605fe4caecf77ada35df1172d78d0d7aa3d6,references/entries/kale/mapping.md,qa/jev-entry-batches/17-modern-fruits-and-vegetables/raw/kale.json,平,0.9,0.02,0.06,0.92,0,0,0.06,0.16,0.18,0.11,0.07,0.06,0.1,0.12,0.09,0.07,阳-,0.19,0.3,0.23,0.4,0.07,阴-,0.26,0.45,0.14,0.39,0.02,阴-,0.42,0.5599999999999999,0.11,0.05,0.28,阴+,0.19,0.37,0.4,0.2,0.03,阴-,0.42,0.5599999999999999,0.28,0.12,0.04
arugula,芝麻菜,芝麻菜,正式目录,卷五,新果蔬部,现代常见蔬菜,ingredient,R1,summary_frozen_R1,2026-09-24,jev-1.13.0,jev-tcm-reasoning-v0.4,jev-tcm-pilot-fixtures-v0.4,2026-09-25T05:57:24.774199+00:00,fad1e290f28ea11997a1af76c92b4daacc0f3cbc0b3bf1c0582fabfdd2386e6a,references/entries/arugula/mapping.md,qa/jev-entry-batches/17-modern-fruits-and-vegetables/raw/arugula.json,平,0.82,0.03,0.11,0.86,0,0,0.05,0.12,0.1,0.13,0.06,0.08,0.08,0.07,0.07,0.07,阳-,0.63,0.08,0.07,0.72,0.13,阳-,0.45,0.32,0.05,0.59,0.04,阴-,0.32,0.49,0.12,0.16,0.23,阳-,0.22,0.32,0.21,0.41,0.06,阴-,0.36,0.51,0.07,0.35,0.07
brussels-sprouts,抱子甘蓝,抱子甘蓝,正式目录,卷五,新果蔬部,现代常见蔬菜,ingredient,R1,summary_frozen_R1,2026-09-24,jev-1.13.0,jev-tcm-reasoning-v0.4,jev-tcm-pilot-fixtures-v0.4,2026-09-25T05:57:24.955441+00:00,2ddb998d4f01a0985e099030a01420c3affe395f9350587d863c8ba8b59bde49,references/entries/brussels-sprouts/mapping.md,qa/jev-entry-batches/17-modern-fruits-and-vegetables/raw/brussels-sprouts.json,平,0.97,0.01,0.01,0.98,0,0,0.06,0.14,0.14,0.09,0.05,0.04,0.11,0.08,0.07,0.05,阳-,0.32,0.26,0.13,0.49,0.12,阴-,0.29,0.48,0.05,0.43,0.04,阴-,0.45,0.58,0.15,0.06,0.21,阴-,0.22,0.41,0.22,0.32,0.05,阴-,0.46,0.58,0.16,0.2,0.06
bell-pepper,彩椒,彩椒,正式目录,卷五,新果蔬部,现代常见蔬菜,ingredient,R1,summary_frozen_R1,2026-09-24,jev-1.13.0,jev-tcm-reasoning-v0.4,jev-tcm-pilot-fixtures-v0.4,2026-09-25T05:57:25.281254+00:00,4431776a4b3b8cfeb6d9c5b2b96722fe37c9e598268f44e360ac466115dbec70,references/entries/bell-pepper/mapping.md,qa/jev-entry-batches/17-modern-fruits-and-vegetables/raw/bell-pepper.json,平,0.99,0,0,1,0,0,0.11,0.05,0.28,0.09,0.04,0.05,0.06,0.07,0.06,0.04,阴+,0,0.25,0.25,0.25,0.25,阴-,0.17,0.38,0.18,0.33,0.11,阳+,0.13,0.33999999999999997,0.27,0.04,0.35,阴+,0.19,0.33,0.4,0.18,0.09,阴-,0.35,0.51,0.29,0.1,0.1
okra,秋葵,秋葵,正式目录,卷五,新果蔬部,现代常见蔬菜,ingredient,R2,summary_frozen_R2,2026-09-24,jev-1.13.0,jev-tcm-reasoning-v0.4,jev-tcm-pilot-fixtures-v0.4,2026-09-25T05:57:25.447708+00:00,4c01d2c578ccad5dce7111822452102d1b496cadae7ce104eac5c085cd07971f,references/entries/okra/mapping.md,qa/jev-entry-batches/17-modern-fruits-and-vegetables/raw/okra.json,平,0.98,0,0.01,0.99,0,0,0.08,0.07,0.28,0.06,0.06,0.05,0.07,0.2,0.07,0.1,阴+,0.11,0.31,0.33,0.26,0.1,阴-,0.34,0.51,0.23,0.22,0.04,阴-,0.33,0.5,0.31,0.02,0.17,阴+,0.42,0.35,0.5599999999999999,0.06,0.03,阴-,0.3,0.48,0.42,0.07,0.03
cherry-tomato,樱桃番茄,樱桃番茄,正式目录,卷五,新果蔬部,现代常见蔬菜,ingredient,R2,summary_frozen_R2,2026-09-24,jev-1.13.0,jev-tcm-reasoning-v0.4,jev-tcm-pilot-fixtures-v0.4,2026-09-25T05:57:25.617314+00:00,21f1fe318eef24f07aa4344f9e2dd2aee563f1327d557273bc7c060637b7f835,references/entries/cherry-tomato/mapping.md,qa/jev-entry-batches/17-modern-fruits-and-vegetables/raw/cherry-tomato.json,平,0.8,0.02,0.14,0.84,0,0,0.16,0.06,0.26,0.06,0.05,0.06,0.07,0.09,0.07,0.06,阳-,0.28,0.16,0.33,0.47000000000000003,0.04,阳-,0.34,0.28,0.19,0.51,0.02,阴+,0.23,0.29,0.43,0.16,0.12,阴+,0.37,0.18,0.53,0.28,0.01,阴+,0.26,0.33,0.45,0.2,0.02
zucchini,西葫芦,西葫芦,正式目录,卷五,新果蔬部,现代常见蔬菜,ingredient,R1,summary_frozen_R1,2026-09-24,jev-1.13.0,jev-tcm-reasoning-v0.4,jev-tcm-pilot-fixtures-v0.4,2026-09-25T05:57:25.801128+00:00,8909d394c1d7c4c03b64b4a627c3cec5b1685e13341a6d68078184b9af8a8ef3,references/entries/zucchini/mapping.md,qa/jev-entry-batches/17-modern-fruits-and-vegetables/raw/zucchini.json,平,0.96,0.01,0.02,0.97,0,0,0.06,0.1,0.23,0.05,0.05,0.04,0.06,0.1,0.06,0.06,阴-,0.31,0.48,0.13,0.31,0.08,阴-,0.63,0.73,0.04,0.2,0.03,阴-,0.73,0.8,0.07,0.01,0.12,阴-,0.55,0.66,0.25,0.06,0.03,阴-,0.76,0.82,0.13,0.03,0.02
romaine-lettuce,罗马生菜,罗马生菜,正式目录,卷五,新果蔬部,现代常见蔬菜,ingredient,R2,summary_frozen_R2,2026-09-24,jev-1.13.0,jev-tcm-reasoning-v0.4,jev-tcm-pilot-fixtures-v0.4,2026-09-25T06:14:06.607726+00:00,fd36b8c92a5c8a2f85f60f9a0056b0230f031edbf1f3958d48ea4a669c508984,references/entries/romaine-lettuce/mapping.md,qa/jev-entry-batches/18-vegetables-and-salads/raw/romaine-lettuce.json,平,0.81,0.01,0.14,0.85,0,0,0.06,0.1,0.19,0.05,0.04,0.05,0.07,0.13,0.07,0.05,阳-,0.2,0.27,0.28,0.4,0.05,阴-,0.21,0.41,0.17,0.39,0.03,阴-,0.36,0.52,0.2,0.04,0.24,阴+,0.43,0.28,0.5599999999999999,0.14,0.02,阴-,0.4,0.55,0.32,0.1,0.02
ice-plant,冰草,冰草,正式目录,卷五,新果蔬部,现代常见蔬菜,ingredient,R1,summary_frozen_R1,2026-09-24,jev-1.13.0,jev-tcm-reasoning-v0.4,jev-tcm-pilot-fixtures-v0.4,2026-09-25T06:14:06.935316+00:00,12234c75fbe559a415370219a0e8504c879ed260b88db80603bc1afd2097d5ae,references/entries/ice-plant/mapping.md,qa/jev-entry-batches/18-vegetables-and-salads/raw/ice-plant.json,平,0.98,0.01,0.01,0.98,0,0,0.06,0.07,0.1,0.06,0.19,0.04,0.05,0.06,0.05,0.05,阳-,0.24,0.32,0.16,0.44,0.08,阳-,0.26,0.44,0.09,0.44,0.03,阴-,0.42,0.56,0.16,0.07,0.21,阴-,0.19,0.39,0.36,0.22,0.03,阴-,0.52,0.64,0.19,0.13,0.04
beetroot,甜菜根,甜菜根,正式目录,卷五,新果蔬部,现代常见蔬菜,ingredient,R2,summary_frozen_R2,2026-09-24,jev-1.13.0,jev-tcm-reasoning-v0.4,jev-tcm-pilot-fixtures-v0.4,2026-09-25T06:14:07.257560+00:00,3c2bc049f4445d4c1e158d0b55d7cc3e4059c7dbbf402bc5f0a7bb089186d604,references/entries/beetroot/mapping.md,qa/jev-entry-batches/18-vegetables-and-salads/raw/beetroot.json,平,0.99,0,0,1,0,0,0.05,0.04,0.22,0.05,0.06,0.07,0.06,0.07,0.05,0.06,阳-,0.13,0.15,0.23,0.33999999999999997,0.28,阴-,0.14,0.35,0.25,0.32,0.08,阴-,0.16,0.37,0.34,0.02,0.27,阴-,0.11,0.33,0.31,0.25,0.11,阴-,0.38,0.53,0.26,0.12,0.09
vegetable-salad,蔬菜沙拉,蔬菜沙拉,正式目录,卷五,新果蔬部,沙拉与轻食,composite_food,R2,summary_frozen_R2,2026-09-24,jev-1.13.0,jev-tcm-reasoning-v0.4,jev-tcm-pilot-fixtures-v0.4,2026-09-25T06:14:07.615258+00:00,f37ba64d12b501276e8909dc8f8f65641b2a05ac0d4646ed19c84ecc636267b5,references/entries/vegetable-salad/mapping.md,qa/jev-entry-batches/18-vegetables-and-salads/raw/vegetable-salad.json,平,0.7,0.03,0.21,0.76,0,0,0.05,0.07,0.13,0.05,0.07,0.04,0.06,0.07,0.06,0.04,阳-,0.11,0.24,0.27,0.33,0.16,阴-,0.24,0.42,0.15,0.39,0.04,阴-,0.46,0.59,0.18,0.03,0.2,阴+,0.34,0.31,0.51,0.16,0.02,阴-,0.5,0.62,0.26,0.07,0.05
grain-salad,谷物沙拉,谷物沙拉,正式目录,卷五,新果蔬部,沙拉与轻食,composite_food,R1,summary_frozen_R1,2026-09-24,jev-1.13.0,jev-tcm-reasoning-v0.4,jev-tcm-pilot-fixtures-v0.4,2026-09-25T06:14:07.971629+00:00,e647d954a1a0d79c86a3d80ce856c34e044f417dfa53df5d8fa971d6cd730746,references/entries/grain-salad/mapping.md,qa/jev-entry-batches/18-vegetables-and-salads/raw/grain-salad.json,平,0.94,0.01,0.04,0.95,0,0,0.04,0.04,0.13,0.04,0.07,0.04,0.04,0.09,0.04,0.04,阳-,0.19,0.3,0.06,0.39,0.25,阳-,0.28,0.42,0.03,0.46,0.09,阳+,0.37,0.4,0.04,0.03,0.53,阴-,0.34,0.5,0.15,0.25,0.1,阴-,0.51,0.63,0.13,0.12,0.12
chicken-salad,鸡胸沙拉,鸡胸沙拉,正式目录,卷五,新果蔬部,沙拉与轻食,composite_food,R1,summary_frozen_R1,2026-09-24,jev-1.13.0,jev-tcm-reasoning-v0.4,jev-tcm-pilot-fixtures-v0.4,2026-09-25T06:14:08.318341+00:00,dd42aa731dcce13d6bf53d39d31ddc0a8d20e072dd96504544142559f1d70971,references/entries/chicken-salad/mapping.md,qa/jev-entry-batches/18-vegetables-and-salads/raw/chicken-salad.json,平,0.93,0.01,0.04,0.94,0.01,0,0.05,0.04,0.14,0.05,0.1,0.05,0.04,0.09,0.04,0.04,阳+,0.27,0.12,0.24,0.19,0.45,阴-,0.12,0.34,0.13,0.28,0.25,阳+,0.65,0.2,0.05,0.02,0.73,阴-,0.2,0.4,0.14,0.21,0.25,阴-,0.13,0.35,0.31,0.08,0.26
caesar-salad,凯撒沙拉,凯撒沙拉,正式目录,卷五,新果蔬部,沙拉与轻食,composite_food,R1,summary_frozen_R1,2026-09-24,jev-1.13.0,jev-tcm-reasoning-v0.4,jev-tcm-pilot-fixtures-v0.4,2026-09-25T06:14:08.653559+00:00,5165750198d703cdc88c23285497cf40e18e24f0ecce5cf8e27dea5f2ef62211,references/entries/caesar-salad/mapping.md,qa/jev-entry-batches/18-vegetables-and-salads/raw/caesar-salad.json,平,0.98,0,0.01,0.99,0,0,0.08,0.06,0.1,0.06,0.12,0.04,0.04,0.06,0.04,0.04,阳-,0.18,0.31,0.07,0.38,0.24,阳-,0.26,0.44,0.04,0.45,0.07,阴-,0.27,0.46,0.05,0.07,0.42,阴-,0.23,0.42,0.28,0.25,0.05,阴-,0.49,0.61,0.1,0.16,0.13
avocado-salad,牛油果沙拉,牛油果沙拉,正式目录,卷五,新果蔬部,沙拉与轻食,composite_food,R1,summary_frozen_R1,2026-09-24,jev-1.13.0,jev-tcm-reasoning-v0.4,jev-tcm-pilot-fixtures-v0.4,2026-09-25T06:14:09.156731+00:00,a40d544a3bdd91388bf058a3fa151b902cf3155d168b06cffe7750f169b56878,references/entries/avocado-salad/mapping.md,qa/jev-entry-batches/18-vegetables-and-salads/raw/avocado-salad.json,平,1,0,0,1,0,0,0.13,0.05,0.16,0.05,0.06,0.04,0.06,0.1,0.04,0.05,阴+,0.29,0.23,0.46,0.15,0.16,阴+,0.4,0.26,0.55,0.13,0.06,阴+,0.14,0.3,0.36,0.01,0.33,阴+,0.36,0.33,0.52,0.09,0.06,阴+,0.48,0.3,0.61,0.04,0.05
light-meal-bowl,轻食碗,轻食碗,正式目录,卷五,新果蔬部,沙拉与轻食,composite_food,R1,summary_frozen_R1,2026-09-24,jev-1.13.0,jev-tcm-reasoning-v0.4,jev-tcm-pilot-fixtures-v0.4,2026-09-25T06:14:09.439697+00:00,7addb9b3ca855fdcf6ca0cd46651773f81faedc1c06f722cf04c598c0c60dfeb,references/entries/light-meal-bowl/mapping.md,qa/jev-entry-batches/18-vegetables-and-salads/raw/light-meal-bowl.json,平,1,0,0,1,0,0,0.04,0.04,0.08,0.04,0.05,0.04,0.04,0.06,0.04,0.04,阳-,0.22,0.29,0.05,0.41,0.25,阳-,0.35,0.4,0.03,0.5,0.07,阴-,0.3,0.47,0.03,0.04,0.46,阴-,0.25,0.44,0.14,0.32,0.1,阴-,0.46,0.6,0.09,0.16,0.15
poke-bowl,波奇饭,波奇饭,正式目录,卷五,新果蔬部,沙拉与轻食,composite_food,R1,summary_frozen_R1,2026-09-24,jev-1.13.0,jev-tcm-reasoning-v0.4,jev-tcm-pilot-fixtures-v0.4,2026-09-25T06:14:09.819409+00:00,01764eec300ee1fd2c5e60f5d57e63a8f0785ab44c542034df039b2dc05bff2b,references/entries/poke-bowl/mapping.md,qa/jev-entry-batches/18-vegetables-and-salads/raw/poke-bowl.json,平,0.98,0.01,0,0.99,0,0,0.05,0.05,0.11,0.07,0.15,0.04,0.05,0.08,0.04,0.04,阳-,0.09,0.22,0.2,0.32,0.26,阴-,0.2,0.4,0.19,0.33,0.08,阳+,0.47,0.33,0.03,0.03,0.61,阴-,0.33,0.5,0.09,0.29,0.12,阴-,0.31,0.48,0.3,0.11,0.11
white-toast,白吐司,白吐司,正式目录,卷六,谷物主食部,面包与早餐谷物,processed_food,R2,summary_frozen_R2,2026-09-24,jev-1.13.0,jev-tcm-reasoning-v0.4,jev-tcm-pilot-fixtures-v0.4,2026-09-25T06:23:31.354021+00:00,6bfcd00a956619e6496efb17954b6652f9fc91dd74c88673d6a87e034c1ec4f3,references/entries/white-toast/mapping.md,qa/jev-entry-batches/19-breads-and-breakfast-grains/raw/white-toast.json,平,0.96,0,0,0.97,0.03,0,0.05,0.04,0.37,0.06,0.07,0.04,0.04,0.2,0.06,0.04,阳+,0.41,0.22,0.03,0.19,0.56,阴-,0.23,0.43,0.02,0.26,0.29,阳+,0.72,0.18,0.02,0.01,0.79,阳+,0.21,0.4,0.12,0.07,0.41,阴-,0.29,0.47,0.06,0.1,0.37
whole-wheat-toast,全麦吐司,全麦吐司,正式目录,卷六,谷物主食部,面包与早餐谷物,processed_food,R2,summary_frozen_R2,2026-09-24,jev-1.13.0,jev-tcm-reasoning-v0.4,jev-tcm-pilot-fixtures-v0.4,2026-09-25T06:23:31.757398+00:00,7438cec65e4b2d337702fa583da92b5008a3db2810cd73014fcd5ea1e5d3816f,references/entries/whole-wheat-toast/mapping.md,qa/jev-entry-batches/19-breads-and-breakfast-grains/raw/whole-wheat-toast.json,平,0.97,0,0,0.97,0.03,0,0.05,0.04,0.33,0.07,0.05,0.05,0.05,0.19,0.07,0.04,阳+,0.23,0.26,0.06,0.26,0.42,阴-,0.23,0.43,0.03,0.28,0.26,阳+,0.66,0.21,0.03,0.01,0.75,阴-,0.25,0.44,0.18,0.07,0.31,阴-,0.34,0.5,0.15,0.1,0.25
bagel,贝果,贝果,正式目录,卷六,谷物主食部,面包与早餐谷物,processed_food,R2,summary_frozen_R2,2026-09-24,jev-1.13.0,jev-tcm-reasoning-v0.4,jev-tcm-pilot-fixtures-v0.4,2026-09-25T06:23:32.146934+00:00,75d3fdc76406b80c9573548cdc156e1ba3e893d58b0a201012bd65cd7c9a49e2,references/entries/bagel/mapping.md,qa/jev-entry-batches/19-breads-and-breakfast-grains/raw/bagel.json,平,0.97,0,0,0.98,0.02,0,0.04,0.04,0.33,0.06,0.07,0.05,0.04,0.15,0.06,0.04,阳+,0.16,0.27,0.04,0.33,0.36,阴-,0.3,0.48,0.02,0.31,0.19,阳+,0.42,0.37,0.02,0.04,0.56,阴-,0.31,0.48,0.13,0.13,0.26,阴-,0.42,0.57,0.09,0.17,0.17
baguette,法棍,法棍,正式目录,卷六,谷物主食部,面包与早餐谷物,processed_food,R1,summary_frozen_R1,2026-09-24,jev-1.13.0,jev-tcm-reasoning-v0.4,jev-tcm-pilot-fixtures-v0.4,2026-09-25T06:23:32.558711+00:00,9ae997ffe3e65b609fc0022ec55ca49c709df2e18457918969962699b3ba0d2e,references/entries/baguette/mapping.md,qa/jev-entry-batches/19-breads-and-breakfast-grains/raw/baguette.json,平,0.99,0,0,0.99,0.01,0,0.07,0.04,0.25,0.06,0.1,0.04,0.04,0.13,0.05,0.04,阳+,0.44,0.24,0.03,0.15,0.58,阴-,0.21,0.41,0.02,0.3,0.27,阳+,0.66,0.22,0.02,0.02,0.74,阴-,0.25,0.44,0.09,0.07,0.4,阴-,0.37,0.54,0.05,0.1,0.31
pita-bread,披塔饼,披塔饼,正式目录,卷六,谷物主食部,面包与早餐谷物,processed_food,R1,summary_frozen_R1,2026-09-24,jev-1.13.0,jev-tcm-reasoning-v0.4,jev-tcm-pilot-fixtures-v0.4,2026-09-25T06:23:33.094570+00:00,8428e879c351c2f7c5117f1e1ef2f76313ef0742714b05fcfdb39b889c50a89d,references/entries/pita-bread/mapping.md,qa/jev-entry-batches/19-breads-and-breakfast-grains/raw/pita-bread.json,平,0.99,0,0,0.99,0.01,0,0.05,0.04,0.25,0.06,0.08,0.04,0.04,0.16,0.06,0.04,阳+,0.4,0.22,0.05,0.18,0.55,阴-,0.17,0.37,0.03,0.28,0.32,阳+,0.68,0.2,0.02,0.02,0.76,阴-,0.19,0.39,0.15,0.1,0.36,阴-,0.3,0.48,0.08,0.1,0.34
corn-flakes,玉米片,玉米片,正式目录,卷六,谷物主食部,面包与早餐谷物,processed_food,R1,summary_frozen_R1,2026-09-24,jev-1.13.0,jev-tcm-reasoning-v0.4,jev-tcm-pilot-fixtures-v0.4,2026-09-25T06:23:33.532338+00:00,9068cf7270128bce2657bd484beb4d322fbaa0dec5557abc2af93dd03fc12638,references/entries/corn-flakes/mapping.md,qa/jev-entry-batches/19-breads-and-breakfast-grains/raw/corn-flakes.json,平,0.99,0,0,1,0,0,0.05,0.04,0.31,0.06,0.07,0.05,0.04,0.13,0.05,0.04,阳+,0.22,0.29,0.03,0.26,0.42,阴-,0.25,0.44,0.02,0.3,0.24,阳+,0.48,0.34,0.02,0.03,0.61,阴-,0.32,0.49,0.1,0.13,0.28,阴-,0.37,0.53,0.07,0.1,0.3
breakfast-cereal,早餐谷物,早餐谷物,正式目录,卷六,谷物主食部,面包与早餐谷物,composite_food,R2,summary_frozen_R2,2026-09-24,jev-1.13.0,jev-tcm-reasoning-v0.4,jev-tcm-pilot-fixtures-v0.4,2026-09-25T06:23:33.966393+00:00,d7d63d859c02f8a2294d921c0efc57284955e49348ed7acf3d9d2df2ecf87ebc,references/entries/breakfast-cereal/mapping.md,qa/jev-entry-batches/19-breads-and-breakfast-grains/raw/breakfast-cereal.json,平,1,0,0,1,0,0,0.04,0.04,0.26,0.05,0.07,0.04,0.04,0.15,0.04,0.04,阳+,0.25,0.27,0.1,0.2,0.43,阴-,0.21,0.41,0.03,0.37,0.19,阳+,0.64,0.23,0.03,0.01,0.73,阴-,0.27,0.45,0.23,0.1,0.22,阴-,0.42,0.56,0.13,0.08,0.22
sweet-breakfast-cereal,甜味麦片,甜味麦片,正式目录,卷六,谷物主食部,面包与早餐谷物,processed_food,R1,summary_frozen_R1,2026-09-24,jev-1.13.0,jev-tcm-reasoning-v0.4,jev-tcm-pilot-fixtures-v0.4,2026-09-25T06:23:34.361924+00:00,12b8558fa8b4a29898369abf7a2e79dd5cd56773749998df6e3f9e444c2b481f,references/entries/sweet-breakfast-cereal/mapping.md,qa/jev-entry-batches/19-breads-and-breakfast-grains/raw/sweet-breakfast-cereal.json,平,0.99,0,0,1,0,0,0.04,0.03,0.5,0.04,0.06,0.04,0.03,0.11,0.04,0.04,阳+,0.2,0.26,0.15,0.19,0.4,阴-,0.2,0.4,0.04,0.35,0.21,阳+,0.47,0.28,0.08,0.03,0.61,阴-,0.28,0.45,0.22,0.15,0.18,阴-,0.38,0.54,0.14,0.09,0.23
instant-oatmeal,即食燕麦,即食燕麦,正式目录,卷六,谷物主食部,面包与早餐谷物,processed_food,R2,summary_frozen_R2,2026-09-24,jev-1.13.0,jev-tcm-reasoning-v0.4,jev-tcm-pilot-fixtures-v0.4,2026-09-25T06:23:34.754734+00:00,d2be1e0a2af02e49b6f7f7b904a2d5396887c50b740209cbc402eb7d3e96bba5,references/entries/instant-oatmeal/mapping.md,qa/jev-entry-batches/19-breads-and-breakfast-grains/raw/instant-oatmeal.json,平,0.99,0,0,0.99,0.01,0,0.05,0.04,0.4,0.05,0.06,0.05,0.04,0.23,0.06,0.05,阳+,0.23,0.18,0.19,0.21,0.42,阴-,0.22,0.41,0.12,0.23,0.24,阳+,0.61,0.19,0.09,0.01,0.71,阴+,0.28,0.31,0.46,0.04,0.19,阴-,0.24,0.43,0.34,0.04,0.19
overnight-oats,隔夜燕麦,隔夜燕麦,正式目录,卷六,谷物主食部,面包与早餐谷物,composite_food,R2,summary_frozen_R2,2026-09-24,jev-1.13.0,jev-tcm-reasoning-v0.4,jev-tcm-pilot-fixtures-v0.4,2026-09-25T06:23:35.158478+00:00,193136c0701d07bbd499902f563bf335d46d73fe64b1c8bfc8b2c8f0e10e309a,references/entries/overnight-oats/mapping.md,qa/jev-entry-batches/19-breads-and-breakfast-grains/raw/overnight-oats.json,平,0.96,0.01,0.02,0.97,0,0,0.05,0.04,0.34,0.04,0.04,0.05,0.04,0.18,0.05,0.05,阳-,0.24,0.2,0.16,0.43,0.21,阴-,0.19,0.4,0.12,0.35,0.13,阳+,0.48,0.24,0.12,0.03,0.61,阴+,0.27,0.35,0.45,0.09,0.11,阴-,0.27,0.45,0.36,0.08,0.11
quinoa,藜麦,藜麦,正式目录,卷六,谷物主食部,全谷、杂粮与豆类主食,ingredient,R2,summary_frozen_R2,2026-09-24,jev-1.13.0,jev-tcm-reasoning-v0.4,jev-tcm-pilot-fixtures-v0.4,2026-09-25T06:37:34.665583+00:00,af2ccee2d0d2cd1adcf03579b17b2c43e8e53f407313f232d974e9febcc7642a,references/entries/quinoa/mapping.md,qa/jev-entry-batches/20-grains-rice-pasta-legumes/raw/quinoa.json,平,1,0,0,1,0,0,0.05,0.05,0.29,0.05,0.05,0.06,0.08,0.18,0.05,0.07,阴-,0.1,0.33,0.17,0.18,0.32,阴-,0.42,0.56,0.07,0.26,0.1,阳+,0.51,0.28,0.08,0.01,0.63,阴-,0.23,0.42,0.35,0.04,0.19,阴-,0.3,0.48,0.34,0.05,0.13
oat-groats,燕麦米,燕麦米,正式目录,卷六,谷物主食部,全谷、杂粮与豆类主食,ingredient,R2,summary_frozen_R2,2026-09-24,jev-1.13.0,jev-tcm-reasoning-v0.4,jev-tcm-pilot-fixtures-v0.4,2026-09-25T06:37:35.110376+00:00,56e0bd71175a24810a9eae43685a7127a5bad5057840f903f2c0fb9ab6e3de5f,references/entries/oat-groats/mapping.md,qa/jev-entry-batches/20-grains-rice-pasta-legumes/raw/oat-groats.json,平,0.99,0,0,0.99,0.01,0,0.06,0.05,0.43,0.06,0.05,0.06,0.05,0.24,0.06,0.06,阳+,0.2,0.18,0.21,0.2,0.41000000000000003,阴-,0.24,0.42,0.1,0.23,0.25,阳+,0.7,0.14,0.08,0.01,0.77,阴+,0.26,0.31,0.45,0.04,0.2,阴-,0.25,0.44,0.31,0.03,0.22
buckwheat-noodles,荞麦面,荞麦面,正式目录,卷六,谷物主食部,全谷、杂粮与豆类主食,processed_food,R2,summary_frozen_R2,2026-09-24,jev-1.13.0,jev-tcm-reasoning-v0.4,jev-tcm-pilot-fixtures-v0.4,2026-09-25T06:37:35.461059+00:00,ae2118f1cbff127cf2a4965755626d7a79869fd74671355fc37273c175f43d87,references/entries/buckwheat-noodles/mapping.md,qa/jev-entry-batches/20-grains-rice-pasta-legumes/raw/buckwheat-noodles.json,平,0.95,0.01,0.03,0.96,0,0,0.07,0.1,0.33,0.08,0.06,0.06,0.07,0.16,0.06,0.06,阳-,0.37,0.26,0.06,0.53,0.15,阳-,0.4,0.36,0.04,0.55,0.05,阳+,0.22,0.37,0.02,0.2,0.41,阴-,0.26,0.45,0.12,0.36,0.07,阴-,0.34,0.51,0.12,0.28,0.09
whole-wheat-pasta,全麦意面,全麦意面,正式目录,卷六,谷物主食部,全谷、杂粮与豆类主食,processed_food,R2,summary_frozen_R2,2026-09-24,jev-1.13.0,jev-tcm-reasoning-v0.4,jev-tcm-pilot-fixtures-v0.4,2026-09-25T06:37:35.847198+00:00,e0e66494b54a4187d1ecaad43cf4c760a8e13190dbb100a122bb021bec3c02e6,references/entries/whole-wheat-pasta/mapping.md,qa/jev-entry-batches/20-grains-rice-pasta-legumes/raw/whole-wheat-pasta.json,平,0.99,0,0,0.99,0.01,0,0.05,0.04,0.34,0.06,0.05,0.04,0.05,0.19,0.07,0.05,阳+,0.29,0.25,0.08,0.2,0.47,阴-,0.21,0.41,0.05,0.3,0.24,阳+,0.65,0.22,0.03,0.01,0.74,阴-,0.21,0.39999999999999997,0.21,0.07,0.32,阴-,0.31,0.48,0.19,0.07,0.26
brown-rice,糙米饭,糙米饭,正式目录,卷六,谷物主食部,全谷、杂粮与豆类主食,composite_food,R2,summary_frozen_R2,2026-09-24,jev-1.13.0,jev-tcm-reasoning-v0.4,jev-tcm-pilot-fixtures-v0.4,2026-09-25T06:37:36.201456+00:00,a43f6e9ae75ec911dcc01863ff9163c247146a6979a3e7ccb306726e10dd5811,references/entries/brown-rice/mapping.md,qa/jev-entry-batches/20-grains-rice-pasta-legumes/raw/brown-rice.json,平,0.98,0,0,0.99,0.01,0,0.05,0.05,0.52,0.05,0.05,0.05,0.05,0.33,0.06,0.07,阳+,0.18,0.2,0.12,0.3,0.38,阴-,0.24,0.43,0.07,0.28,0.22,阳+,0.63,0.19,0.05,0.04,0.72,阴-,0.14,0.36,0.26,0.06,0.32,阴-,0.21,0.4,0.26,0.07,0.27
mixed-grain-rice,杂粮饭,杂粮饭,正式目录,卷六,谷物主食部,全谷、杂粮与豆类主食,composite_food,R2,summary_frozen_R2,2026-09-24,jev-1.13.0,jev-tcm-reasoning-v0.4,jev-tcm-pilot-fixtures-v0.4,2026-09-25T06:37:36.580107+00:00,825564321bd38b912704b2716e3689cfaf3be4cc7ee1709c42dd6d3622cfd0af,references/entries/mixed-grain-rice/mapping.md,qa/jev-entry-batches/20-grains-rice-pasta-legumes/raw/mixed-grain-rice.json,平,0.99,0,0,1,0,0,0.05,0.05,0.36,0.05,0.05,0.05,0.05,0.21,0.05,0.06,阳+,0.12,0.28,0.05,0.33,0.34,阴-,0.29,0.47,0.04,0.3,0.19,阳+,0.48,0.33,0.02,0.04,0.61,阴-,0.21,0.41,0.13,0.16,0.3,阴-,0.34,0.51,0.12,0.18,0.19
hummus,鹰嘴豆泥,鹰嘴豆泥,正式目录,卷六,谷物主食部,全谷、杂粮与豆类主食,processed_food,R2,summary_frozen_R2,2026-09-24,jev-1.13.0,jev-tcm-reasoning-v0.4,jev-tcm-pilot-fixtures-v0.4,2026-09-25T06:37:37.016631+00:00,57fac60d88969683e30abe11dbf951cdb674b98a9b663627793ca39599e9e792,references/entries/hummus/mapping.md,qa/jev-entry-batches/20-grains-rice-pasta-legumes/raw/hummus.json,平,1,0,0,1,0,0,0.11,0.05,0.18,0.15,0.51,0.05,0.06,0.17,0.04,0.05,阳+,0.09,0.29,0.13,0.26,0.32,阴-,0.34,0.51,0.1,0.15,0.24,阳+,0.53,0.26,0.08,0.02,0.64,阴-,0.33,0.5,0.18,0.12,0.2,阴-,0.31,0.48,0.24,0.05,0.23
chickpea-pasta,鹰嘴豆面,鹰嘴豆面,正式目录,卷六,谷物主食部,全谷、杂粮与豆类主食,processed_food,R2,summary_frozen_R2,2026-09-24,jev-1.13.0,jev-tcm-reasoning-v0.4,jev-tcm-pilot-fixtures-v0.4,2026-09-25T06:37:37.364066+00:00,dd0a5ff33d22338c7296e7d04ccac4867f5f2b5bb72c5b1abab09b186c4a06e3,references/entries/chickpea-pasta/mapping.md,qa/jev-entry-batches/20-grains-rice-pasta-legumes/raw/chickpea-pasta.json,平,0.99,0,0,1,0,0,0.05,0.05,0.22,0.05,0.05,0.05,0.05,0.18,0.05,0.05,阴-,0.1,0.32,0.09,0.31,0.28,阴-,0.33,0.49,0.07,0.26,0.18,阳+,0.41,0.35,0.07,0.03,0.55,阴-,0.31,0.48,0.16,0.18,0.18,阴-,0.44,0.59,0.19,0.07,0.15
italian-pasta,意大利面,意大利面,正式目录,卷六,谷物主食部,米面制品,processed_food,R2,summary_frozen_R2,2026-09-24,jev-1.13.0,jev-tcm-reasoning-v0.4,jev-tcm-pilot-fixtures-v0.4,2026-09-25T06:37:37.729669+00:00,24f6f731ce7976a80e9113a456ede7e8df84dd44e8c07af251c0bdcbc11065b6,references/entries/italian-pasta/mapping.md,qa/jev-entry-batches/20-grains-rice-pasta-legumes/raw/italian-pasta.json,平,0.99,0,0,0.99,0.01,0,0.05,0.04,0.33,0.05,0.04,0.04,0.04,0.18,0.06,0.04,阳+,0.28,0.22,0.06,0.26,0.46,阴-,0.24,0.44,0.03,0.25,0.28,阳+,0.72,0.17,0.03,0.01,0.79,阴-,0.17,0.38,0.18,0.12,0.32,阴-,0.26,0.45,0.15,0.09,0.31
udon,乌冬面,乌冬面,正式目录,卷六,谷物主食部,米面制品,processed_food,R2,summary_frozen_R2,2026-09-24,jev-1.13.0,jev-tcm-reasoning-v0.4,jev-tcm-pilot-fixtures-v0.4,2026-09-25T06:37:38.106497+00:00,102f2902d6412e17ae22bce45a7dceadf783c815c21fa7153941dd99b479def1,references/entries/udon/mapping.md,qa/jev-entry-batches/20-grains-rice-pasta-legumes/raw/udon.json,平,0.99,0,0,0.99,0.01,0,0.05,0.04,0.32,0.06,0.16,0.05,0.05,0.22,0.06,0.05,阳+,0.17,0.29,0.05,0.29,0.37,阴-,0.21,0.41,0.03,0.4,0.16,阳+,0.53,0.23,0.03,0.09,0.65,阴-,0.24,0.44,0.14,0.18,0.24,阴-,0.52,0.64,0.07,0.14,0.15
ramen,拉面,拉面,正式目录,卷六,谷物主食部,米面制品,composite_food,R2,summary_frozen_R2,2026-09-24,jev-1.13.0,jev-tcm-reasoning-v0.4,jev-tcm-pilot-fixtures-v0.4,2026-09-25T06:52:11.538200+00:00,654e6e6696496915b6a99c9a1b8a40cf83d4011ae3dd78ea566115d6e508ede7,references/entries/ramen/mapping.md,qa/jev-entry-batches/21-noodles-instant-meals/raw/ramen.json,平,0.99,0,0,0.99,0.01,0,0.04,0.04,0.13,0.07,0.16,0.04,0.04,0.1,0.05,0.04,阳+,0.24,0.26,0.04,0.27,0.43,阳-,0.19,0.39,0.02,0.4,0.19,阳+,0.61,0.24,0.03,0.02,0.71,阴-,0.31,0.49,0.11,0.14,0.26,阴-,0.39,0.54,0.05,0.15,0.26
chilled-soba,荞麦冷面,荞麦冷面,正式目录,卷六,谷物主食部,米面制品,composite_food,R2,summary_frozen_R2,2026-09-24,jev-1.13.0,jev-tcm-reasoning-v0.4,jev-tcm-pilot-fixtures-v0.4,2026-09-25T06:52:12.040683+00:00,9d7ffe02cb1e3cd305fcfae37430609b6327e8d08eb3b6e998226279d4a29c2b,references/entries/chilled-soba/mapping.md,qa/jev-entry-batches/21-noodles-instant-meals/raw/chilled-soba.json,平,0.57,0.03,0.31,0.66,0,0,0.07,0.07,0.21,0.08,0.13,0.05,0.05,0.12,0.06,0.05,阳-,0.25,0.3,0.06,0.44,0.2,阴-,0.32,0.49,0.04,0.39,0.08,阴-,0.28,0.46,0.02,0.06,0.46,阴-,0.31,0.49,0.17,0.27,0.07,阴-,0.46,0.59,0.11,0.19,0.11
rice-vermicelli,米线,米线,正式目录,卷六,谷物主食部,米面制品,processed_food,R2,summary_frozen_R2,2026-09-24,jev-1.13.0,jev-tcm-reasoning-v0.4,jev-tcm-pilot-fixtures-v0.4,2026-09-25T06:52:12.346759+00:00,9e1bc21de9fd4ef92da850f81d6081d91521a7c9a5360b8f64f1934f80c3e54d,references/entries/rice-vermicelli/mapping.md,qa/jev-entry-batches/21-noodles-instant-meals/raw/rice-vermicelli.json,平,1,0,0,1,0,0,0.04,0.04,0.33,0.05,0.07,0.04,0.04,0.19,0.05,0.05,阳+,0.27,0.25,0.1,0.2,0.45,阴-,0.31,0.48,0.05,0.24,0.23,阳+,0.7,0.18,0.04,0.01,0.77,阴-,0.18,0.39,0.25,0.08,0.28,阴-,0.28,0.46,0.16,0.06,0.32
ho-fun,河粉,河粉,正式目录,卷六,谷物主食部,米面制品,processed_food,R2,summary_frozen_R2,2026-09-24,jev-1.13.0,jev-tcm-reasoning-v0.4,jev-tcm-pilot-fixtures-v0.4,2026-09-25T06:52:12.673759+00:00,49aebd3dc2ae224e248e4ab2ab23acc3e67c962cee8ab79259e79f8712641ccf,references/entries/ho-fun/mapping.md,qa/jev-entry-batches/21-noodles-instant-meals/raw/ho-fun.json,平,1,0,0,1,0,0,0.04,0.04,0.23,0.05,0.07,0.04,0.04,0.11,0.05,0.04,阳+,0.15,0.3,0.08,0.26,0.36,阴-,0.31,0.48,0.04,0.31,0.17,阳+,0.53,0.28,0.05,0.02,0.65,阴-,0.25,0.43,0.19,0.15,0.23,阴-,0.5,0.63,0.12,0.08,0.17
luosifen,螺蛳粉,螺蛳粉,正式目录,卷六,谷物主食部,米面制品,composite_food,R2,summary_frozen_R2,2026-09-24,jev-1.13.0,jev-tcm-reasoning-v0.4,jev-tcm-pilot-fixtures-v0.4,2026-09-25T06:52:12.987755+00:00,bd9eff1a771e50303847f184fd23359ba3a20f23ba7674b91c93439b7686cc52,references/entries/luosifen/mapping.md,qa/jev-entry-batches/21-noodles-instant-meals/raw/luosifen.json,平,0.93,0,0,0.94,0.03,0.03,0.22,0.06,0.11,0.27,0.16,0.05,0.05,0.09,0.05,0.04,阳+,0.23,0.29,0.02,0.27,0.42,阴-,0.23,0.42,0.02,0.4,0.16,阳+,0.32,0.45,0.02,0.04,0.49,阴-,0.36,0.52,0.07,0.26,0.15,阴-,0.45,0.59,0.04,0.11,0.26
hot-sour-vermicelli,酸辣粉,酸辣粉,正式目录,卷六,谷物主食部,米面制品,composite_food,R2,summary_frozen_R2,2026-09-24,jev-1.13.0,jev-tcm-reasoning-v0.4,jev-tcm-pilot-fixtures-v0.4,2026-09-25T06:52:13.322376+00:00,1af294f0bac1cd4a093127077c2b18e325ac1a8fa70d72fc9366ea7a2ae43ce2,references/entries/hot-sour-vermicelli/mapping.md,qa/jev-entry-batches/21-noodles-instant-meals/raw/hot-sour-vermicelli.json,平,0.89,0,0,0.91,0.06,0.03,0.36,0.05,0.15,0.4,0.15,0.05,0.07,0.11,0.05,0.05,阳+,0.25,0.27,0.03,0.27,0.43,阳-,0.26,0.38,0.02,0.45,0.15,阴-,0.3,0.47,0.03,0.03,0.47,阴-,0.34,0.5,0.09,0.23,0.18,阴-,0.44,0.59,0.04,0.09,0.28
instant-vermicelli,方便粉丝,方便粉丝,正式目录,卷六,谷物主食部,米面制品,processed_food,R2,summary_frozen_R2,2026-09-24,jev-1.13.0,jev-tcm-reasoning-v0.4,jev-tcm-pilot-fixtures-v0.4,2026-09-25T06:52:13.633113+00:00,2bfa572d45652d0b150914bc59baea34ca8b19e0c79286d9f894328ba77295b7,references/entries/instant-vermicelli/mapping.md,qa/jev-entry-batches/21-noodles-instant-meals/raw/instant-vermicelli.json,平,1,0,0,1,0,0,0.04,0.04,0.17,0.06,0.11,0.04,0.05,0.1,0.05,0.04,阴-,0.15,0.36,0.06,0.26,0.32,阴-,0.32,0.49,0.05,0.35,0.11,阳+,0.44,0.36,0.04,0.02,0.58,阴-,0.42,0.5700000000000001,0.15,0.12,0.16,阴-,0.49,0.62,0.11,0.1,0.17
instant-noodles,方便面,方便面,正式目录,卷七,速食与零食部,方便食品,composite_food,R2,summary_frozen,2026-09-23,jev-1.13.0,jev-tcm-reasoning-v0.4,jev-tcm-pilot-fixtures-v0.4,2026-09-25T06:52:13.947756+00:00,4f4c4536c72bfa949487b19d5ceb732602ce5e3cbfa3a371fc9d24fbaeb17db4,references/entries/instant-noodles/mapping.md,qa/jev-entry-batches/21-noodles-instant-meals/raw/instant-noodles.json,平,0.98,0,0,0.99,0.01,0,0.04,0.04,0.09,0.07,0.3,0.04,0.04,0.09,0.05,0.06,阳+,0.14,0.32,0.02,0.3,0.36,阴-,0.27,0.46,0.02,0.36,0.16,阳+,0.34,0.44,0.02,0.03,0.51,阴-,0.41,0.55,0.05,0.16,0.23,阴-,0.58,0.69,0.03,0.11,0.17
cup-noodles,杯面,杯面,正式目录,卷七,速食与零食部,方便食品,processed_food,R2,summary_frozen_R2,2026-09-24,jev-1.13.0,jev-tcm-reasoning-v0.4,jev-tcm-pilot-fixtures-v0.4,2026-09-25T06:52:14.269838+00:00,103a1f875482f9e2cd0bef8f4013d72aeee21e31d7ea9a10ef9c1497ea13e239,references/entries/cup-noodles/mapping.md,qa/jev-entry-batches/21-noodles-instant-meals/raw/cup-noodles.json,平,0.98,0,0,0.99,0.01,0,0.04,0.04,0.1,0.07,0.21,0.04,0.03,0.07,0.04,0.04,阳+,0.22,0.27,0.03,0.28,0.42,阴-,0.25,0.44,0.02,0.4,0.14,阳+,0.32,0.45,0.02,0.04,0.49,阴-,0.34,0.5,0.07,0.22,0.21,阴-,0.43,0.57,0.04,0.16,0.23
self-heating-rice,自热米饭,自热米饭,正式目录,卷七,速食与零食部,方便食品,composite_food,R2,summary_frozen_R2,2026-09-24,jev-1.13.0,jev-tcm-reasoning-v0.4,jev-tcm-pilot-fixtures-v0.4,2026-09-25T06:52:14.563836+00:00,32d0d383b4e6d1e305b66a3c97b9b50047c5551ef153b333a8381a7580d52c83,references/entries/self-heating-rice/mapping.md,qa/jev-entry-batches/21-noodles-instant-meals/raw/self-heating-rice.json,平,0.98,0,0,0.99,0,0.01,0.04,0.04,0.12,0.06,0.12,0.04,0.04,0.08,0.04,0.04,阳+,0.21,0.21,0.03,0.35,0.41000000000000003,阳-,0.23,0.42,0.02,0.42,0.14,阳+,0.48,0.32,0.03,0.03,0.62,阴-,0.28,0.46,0.09,0.23,0.22,阴-,0.37,0.52,0.04,0.15,0.29
self-heating-hotpot,自热火锅,自热火锅,正式目录,卷七,速食与零食部,方便食品,composite_food,R2,summary_frozen_R2,2026-09-24,jev-1.13.0,jev-tcm-reasoning-v0.4,jev-tcm-pilot-fixtures-v0.4,2026-09-25T07:07:02.788979+00:00,cb3dd2be120fcedd5ae56e3af811db7093c7b47fea3aa56e220a0c456b7eaef4,references/entries/self-heating-hotpot/mapping.md,qa/jev-entry-batches/22-prepared-foods-crisps/raw/self-heating-hotpot.json,平,0.95,0,0,0.96,0,0.04,0.04,0.04,0.08,0.07,0.1,0.04,0.04,0.06,0.04,0.04,阳+,0.28,0.16,0.02,0.36,0.46,阳-,0.27,0.36,0.02,0.44,0.18,阳+,0.36,0.37,0.02,0.08,0.53,阴-,0.23,0.42,0.05,0.29,0.24,阳+,0.2,0.38,0.03,0.18,0.41000000000000003
frozen-dumplings,速冻水饺,速冻水饺,正式目录,卷七,速食与零食部,方便食品,composite_food,R2,summary_frozen_R2,2026-09-24,jev-1.13.0,jev-tcm-reasoning-v0.4,jev-tcm-pilot-fixtures-v0.4,2026-09-25T07:07:03.176300+00:00,66b9d1e634f0382d3e84a1b2793672f8a9774354b7054a984993e185ed234f80,references/entries/frozen-dumplings/mapping.md,qa/jev-entry-batches/22-prepared-foods-crisps/raw/frozen-dumplings.json,平,0.99,0,0,1,0,0,0.04,0.04,0.16,0.06,0.12,0.04,0.04,0.12,0.04,0.04,阳+,0.35,0.22,0.04,0.22,0.52,阴-,0.25,0.45,0.02,0.31,0.22,阳+,0.62,0.25,0.02,0.02,0.71,阴-,0.26,0.44,0.06,0.1,0.4,阴-,0.34,0.51,0.06,0.08,0.35
frozen-wontons,速冻馄饨,速冻馄饨,正式目录,卷七,速食与零食部,方便食品,composite_food,R2,summary_frozen_R2,2026-09-24,jev-1.13.0,jev-tcm-reasoning-v0.4,jev-tcm-pilot-fixtures-v0.4,2026-09-25T07:07:03.562762+00:00,f183a32a12acec8acf50313538259250e06edf2cfa79743849ded895f3bf486a,references/entries/frozen-wontons/mapping.md,qa/jev-entry-batches/22-prepared-foods-crisps/raw/frozen-wontons.json,平,0.99,0,0,0.99,0.01,0,0.04,0.04,0.12,0.06,0.14,0.04,0.03,0.09,0.04,0.04,阳+,0.33,0.22,0.05,0.23,0.5,阳-,0.2,0.39,0.02,0.4,0.19,阳+,0.54,0.3,0.02,0.02,0.66,阴-,0.22,0.42,0.09,0.14,0.35,阴-,0.37,0.53,0.07,0.08,0.32
frozen-pizza,速冻披萨,速冻披萨,正式目录,卷七,速食与零食部,方便食品,composite_food,R2,summary_frozen_R2,2026-09-24,jev-1.13.0,jev-tcm-reasoning-v0.4,jev-tcm-pilot-fixtures-v0.4,2026-09-25T07:07:03.925348+00:00,6da5b3a038d7e923041880d645e2b3675a2e80815fb63efaba8b2157ae1def23,references/entries/frozen-pizza/mapping.md,qa/jev-entry-batches/22-prepared-foods-crisps/raw/frozen-pizza.json,平,0.98,0,0,0.98,0.01,0.01,0.06,0.04,0.1,0.08,0.31,0.04,0.04,0.07,0.04,0.04,阳+,0.15,0.31,0.03,0.3,0.36,阴-,0.29,0.47,0.02,0.38,0.13,阴-,0.32,0.48,0.02,0.07,0.43,阴-,0.33,0.5,0.04,0.22,0.24,阴-,0.51,0.63,0.04,0.13,0.2
microwave-lunchbox,微波便当,微波便当,正式目录,卷七,速食与零食部,方便食品,composite_food,R2,summary_frozen_R2,2026-09-24,jev-1.13.0,jev-tcm-reasoning-v0.4,jev-tcm-pilot-fixtures-v0.4,2026-09-25T07:07:04.292409+00:00,f80ebc957958c9f8f9704be851e158a3ba7df0b45b188aa1d47cacd19987a67b,references/entries/microwave-lunchbox/mapping.md,qa/jev-entry-batches/22-prepared-foods-crisps/raw/microwave-lunchbox.json,平,0.99,0,0,1,0,0,0.04,0.04,0.07,0.05,0.13,0.04,0.03,0.06,0.03,0.04,阳+,0.18,0.22,0.03,0.37,0.38,阳-,0.33,0.36,0.02,0.49,0.13,阳+,0.34,0.42,0.03,0.05,0.5,阴-,0.26,0.44,0.07,0.29,0.2,阴-,0.43,0.57,0.05,0.13,0.25
prepared-rice-bowl,预制盖饭,预制盖饭,正式目录,卷七,速食与零食部,方便食品,composite_food,R2,summary_frozen_R2,2026-09-24,jev-1.13.0,jev-tcm-reasoning-v0.4,jev-tcm-pilot-fixtures-v0.4,2026-09-25T07:07:04.627248+00:00,6a1428d62c24b06eaf5851f965874cf620eaf35b92097cc11b666ebddb23037a,references/entries/prepared-rice-bowl/mapping.md,qa/jev-entry-batches/22-prepared-foods-crisps/raw/prepared-rice-bowl.json,平,0.99,0,0,1,0,0,0.04,0.04,0.21,0.04,0.11,0.04,0.03,0.09,0.04,0.04,阳+,0.31,0.21,0.04,0.27,0.48,阳-,0.26,0.37,0.02,0.44,0.17,阳+,0.61,0.24,0.03,0.02,0.71,阴-,0.22,0.41,0.14,0.15,0.3,阴-,0.37,0.52,0.07,0.1,0.31
potato-chips,薯片,薯片,正式目录,卷七,速食与零食部,膨化与脆食,processed_food,R2,summary_frozen_R2,2026-09-24,jev-1.13.0,jev-tcm-reasoning-v0.4,jev-tcm-pilot-fixtures-v0.4,2026-09-25T07:07:04.998884+00:00,f625e9d3898acd7a4f0b2cf77b78f274ae56c65986db1ce43ec2b563272b0fd8,references/entries/potato-chips/mapping.md,qa/jev-entry-batches/22-prepared-foods-crisps/raw/potato-chips.json,平,0.9,0,0,0.92,0.04,0.04,0.05,0.05,0.18,0.08,0.22,0.05,0.05,0.13,0.04,0.04,阳+,0.3,0.26,0.02,0.24,0.48,阴-,0.2,0.4,0.02,0.3,0.28,阳+,0.42,0.35,0.02,0.06,0.57,阴-,0.34,0.5,0.05,0.22,0.23,阴-,0.44,0.58,0.03,0.12,0.27
french-fries,薯条,薯条,正式目录,卷七,速食与零食部,膨化与脆食,processed_food,R2,summary_frozen_R2,2026-09-24,jev-1.13.0,jev-tcm-reasoning-v0.4,jev-tcm-pilot-fixtures-v0.4,2026-09-25T07:07:05.354098+00:00,befda9675782e63f8089ffe0f84c0717937761290b9a55cd50d2df016c76e6ec,references/entries/french-fries/mapping.md,qa/jev-entry-batches/22-prepared-foods-crisps/raw/french-fries.json,平,0.83,0,0,0.86,0.05,0.09,0.04,0.04,0.22,0.06,0.17,0.05,0.05,0.11,0.04,0.05,阳+,0.21,0.32,0.03,0.24,0.41,阴-,0.28,0.45,0.02,0.29,0.24,阳+,0.49,0.32,0.03,0.03,0.62,阴-,0.36,0.53,0.06,0.19,0.22,阴-,0.38,0.54,0.05,0.13,0.28
corn-chips,玉米脆片,玉米脆片,正式目录,卷七,速食与零食部,膨化与脆食,processed_food,R2,summary_frozen_R2,2026-09-24,jev-1.13.0,jev-tcm-reasoning-v0.4,jev-tcm-pilot-fixtures-v0.4,2026-09-25T07:07:05.712033+00:00,cbc05d3a2af3c9a3adeaf5c1f45f658445f3de21f6e78a16d6f7ac9998b0dea3,references/entries/corn-chips/mapping.md,qa/jev-entry-batches/22-prepared-foods-crisps/raw/corn-chips.json,平,0.98,0,0,0.99,0,0.01,0.04,0.04,0.13,0.07,0.46,0.05,0.04,0.12,0.04,0.04,阳-,0.14,0.31,0.04,0.35,0.3,阴-,0.23,0.43,0.02,0.36,0.19,阳+,0.36,0.33,0.02,0.12,0.53,阴-,0.34,0.5,0.09,0.2,0.21,阴-,0.48,0.61,0.07,0.12,0.2
popcorn,爆米花,爆米花,正式目录,卷七,速食与零食部,膨化与脆食,processed_food,R2,summary_frozen_R2,2026-09-24,jev-1.13.0,jev-tcm-reasoning-v0.4,jev-tcm-pilot-fixtures-v0.4,2026-09-25T07:07:06.089201+00:00,3da5cb34bb14573a0e6ad7fdf1dc042c8128cf6168b54de3cafe26b34bb2c0dd,references/entries/popcorn/mapping.md,qa/jev-entry-batches/22-prepared-foods-crisps/raw/popcorn.json,平,0.97,0,0,0.98,0.01,0.01,0.05,0.04,0.23,0.08,0.15,0.05,0.05,0.17,0.05,0.05,阳+,0.26,0.34,0.06,0.15,0.45,阴-,0.36,0.52,0.02,0.26,0.2,阳+,0.55,0.31,0.01,0.01,0.67,阴-,0.43,0.58,0.08,0.04,0.3,阴-,0.49,0.62,0.07,0.05,0.26
shrimp-crackers,虾片,虾片,正式目录,卷七,速食与零食部,膨化与脆食,processed_food,R1,summary_frozen_R1,2026-09-24,jev-1.13.0,jev-tcm-reasoning-v0.4,jev-tcm-pilot-fixtures-v0.4,2026-09-25T07:26:42.443437+00:00,ddbae7ad7ec465d15a4243ce1691544b27e5d7553b6cc3a521cecc4b64faee23,references/entries/shrimp-crackers/mapping.md,qa/jev-entry-batches/23-snacks-dried-meat/raw/shrimp-crackers.json,平,0.96,0,0,0.97,0.01,0.02,0.04,0.04,0.19,0.06,0.17,0.04,0.05,0.09,0.04,0.05,阳+,0.23,0.31,0.03,0.24,0.42,阴-,0.34,0.51,0.02,0.27,0.2,阳+,0.44,0.38,0.02,0.02,0.58,阴-,0.34,0.5,0.05,0.15,0.3,阴-,0.53,0.65,0.07,0.06,0.22
guoba,锅巴,锅巴,正式目录,卷七,速食与零食部,膨化与脆食,processed_food,R2,summary_frozen_R2,2026-09-24,jev-1.13.0,jev-tcm-reasoning-v0.4,jev-tcm-pilot-fixtures-v0.4,2026-09-25T07:26:42.705568+00:00,369315106afb526b3348cebfb0e1e380aeaa98f72f23d6f8fac2faedb5ea21c4,references/entries/guoba/mapping.md,qa/jev-entry-batches/23-snacks-dried-meat/raw/guoba.json,平,0.96,0,0,0.97,0.02,0.01,0.04,0.04,0.19,0.07,0.18,0.05,0.04,0.13,0.06,0.05,阳+,0.34,0.34,0.02,0.13,0.51,阴-,0.41,0.56,0.01,0.15,0.28,阴-,0.38,0.54,0.01,0.01,0.44,阴-,0.48,0.6,0.04,0.04,0.32,阴-,0.44,0.57,0.03,0.07,0.33
rice-crackers,米饼,米饼,正式目录,卷七,速食与零食部,膨化与脆食,processed_food,R2,summary_frozen_R2,2026-09-24,jev-1.13.0,jev-tcm-reasoning-v0.4,jev-tcm-pilot-fixtures-v0.4,2026-09-25T07:26:42.954762+00:00,de580b03a1ced62acff463a89fb2fa58d52361a3cecf5f661d96ade99362ee44,references/entries/rice-crackers/mapping.md,qa/jev-entry-batches/23-snacks-dried-meat/raw/rice-crackers.json,平,1,0,0,1,0,0,0.04,0.04,0.28,0.04,0.06,0.04,0.04,0.14,0.05,0.05,阳-,0.24,0.25,0.04,0.43,0.28,阴-,0.29,0.47,0.02,0.32,0.19,阳+,0.43,0.33,0.03,0.07,0.57,阴-,0.29,0.45999999999999996,0.13,0.19,0.22,阴-,0.44,0.58,0.1,0.13,0.19
seaweed-crisps,海苔脆片,海苔脆片,正式目录,卷七,速食与零食部,膨化与脆食,processed_food,R2,summary_frozen_R2,2026-09-24,jev-1.13.0,jev-tcm-reasoning-v0.4,jev-tcm-pilot-fixtures-v0.4,2026-09-25T07:26:43.217064+00:00,af2967fa3643e8cf0e0b91480c74bcaed6d3806a6d3cf3eab109974e07bbf3ff,references/entries/seaweed-crisps/mapping.md,qa/jev-entry-batches/23-snacks-dried-meat/raw/seaweed-crisps.json,平,0.98,0.01,0,0.99,0,0,0.05,0.09,0.1,0.08,0.41,0.04,0.08,0.06,0.06,0.08,阴-,0.14,0.35,0.19,0.31,0.15,阴-,0.29,0.47,0.22,0.27,0.04,阴-,0.5,0.62,0.08,0.04,0.26,阴-,0.38,0.53,0.29,0.12,0.06,阴-,0.43,0.57,0.35,0.04,0.04
vegetable-chips,蔬菜脆片,蔬菜脆片,正式目录,卷七,速食与零食部,膨化与脆食,processed_food,R2,summary_frozen_R2,2026-09-24,jev-1.13.0,jev-tcm-reasoning-v0.4,jev-tcm-pilot-fixtures-v0.4,2026-09-25T07:26:43.683118+00:00,af21e2c58bf4f7b638b3c6f864e31412db023e7bdcd56d469d530132bef73123,references/entries/vegetable-chips/mapping.md,qa/jev-entry-batches/23-snacks-dried-meat/raw/vegetable-chips.json,平,0.97,0,0,0.97,0.01,0.02,0.04,0.05,0.09,0.06,0.11,0.04,0.04,0.06,0.04,0.04,阳-,0.19,0.34,0.04,0.39,0.23,阴-,0.38,0.54,0.02,0.35,0.09,阴-,0.45,0.58,0.03,0.04,0.35,阴-,0.44,0.58,0.08,0.24,0.1,阴-,0.55,0.66,0.05,0.15,0.14
freeze-dried-fruit,冻干水果,冻干水果,正式目录,卷七,速食与零食部,膨化与脆食,processed_food,R2,summary_frozen_R2,2026-09-24,jev-1.13.0,jev-tcm-reasoning-v0.4,jev-tcm-pilot-fixtures-v0.4,2026-09-25T07:26:43.909752+00:00,a2eae047f3c320ed586ba143258df5896b1d677d5db182f3c8bdb1860e63939b,references/entries/freeze-dried-fruit/mapping.md,qa/jev-entry-batches/23-snacks-dried-meat/raw/freeze-dried-fruit.json,平,0.99,0,0.01,0.99,0,0,0.14,0.05,0.4,0.05,0.04,0.06,0.07,0.1,0.05,0.05,阴+,0.23,0.26,0.43,0.22,0.09,阴-,0.37,0.53,0.17,0.26,0.04,阴-,0.35,0.52,0.26,0.02,0.2,阴+,0.44,0.28,0.58,0.11,0.03,阴-,0.34,0.5,0.38,0.07,0.05
beef-jerky,牛肉干,牛肉干,正式目录,卷七,速食与零食部,肉制品与肉类零食,processed_food,R2,summary_frozen_R2,2026-09-24,jev-1.13.0,jev-tcm-reasoning-v0.4,jev-tcm-pilot-fixtures-v0.4,2026-09-25T07:26:44.172226+00:00,2203d5aee91b718e6cadca026128cf0cce6598aac664d1604d86246ffd065f8a,references/entries/beef-jerky/mapping.md,qa/jev-entry-batches/23-snacks-dried-meat/raw/beef-jerky.json,平,0.87,0,0,0.89,0.1,0.01,0.05,0.05,0.21,0.12,0.39,0.05,0.05,0.13,0.04,0.06,阳+,0.58,0.11,0.13,0.08,0.6799999999999999,阳+,0.28,0.25,0.13,0.16,0.46,阳+,0.63,0.2,0.06,0.02,0.72,阴-,0.26,0.45,0.06,0.13,0.36,阳+,0.46,0.22,0.13,0.06,0.59
pork-jerky,猪肉脯,猪肉脯,正式目录,卷七,速食与零食部,肉制品与肉类零食,processed_food,R2,summary_frozen_R2,2026-09-24,jev-1.13.0,jev-tcm-reasoning-v0.4,jev-tcm-pilot-fixtures-v0.4,2026-09-25T07:26:44.421619+00:00,fcc2fdc71d7ef8a7a636b28b106b5fcb42131ae5886d84dac9ffe0bac8b30a7e,references/entries/pork-jerky/mapping.md,qa/jev-entry-batches/23-snacks-dried-meat/raw/pork-jerky.json,平,0.96,0,0,0.97,0.02,0.01,0.05,0.04,0.33,0.1,0.32,0.04,0.05,0.09,0.04,0.05,阳+,0.36,0.2,0.13,0.14,0.53,阴-,0.2,0.39,0.12,0.22,0.27,阳+,0.36,0.38,0.07,0.03,0.52,阴-,0.38,0.53,0.09,0.13,0.25,阴-,0.2,0.39,0.17,0.08,0.36
chicken-breast-jerky,鸡胸肉干,鸡胸肉干,正式目录,卷七,速食与零食部,肉制品与肉类零食,processed_food,R2,summary_frozen_R2,2026-09-24,jev-1.13.0,jev-tcm-reasoning-v0.4,jev-tcm-pilot-fixtures-v0.4,2026-09-25T07:26:44.641778+00:00,6ab44a68ad1cbf1d2e2e0151918abca589b219747018d2cd7407cd8b19a09f88,references/entries/chicken-breast-jerky/mapping.md,qa/jev-entry-batches/23-snacks-dried-meat/raw/chicken-breast-jerky.json,平,0.97,0,0,0.98,0.02,0,0.05,0.05,0.18,0.12,0.3,0.05,0.04,0.11,0.05,0.05,阳+,0.47,0.15,0.17,0.08,0.6,阴-,0.11,0.33,0.14,0.2,0.33,阳+,0.67,0.19,0.05,0.01,0.75,阴-,0.22,0.42,0.12,0.08,0.38,阳+,0.18,0.36,0.21,0.05,0.38
sausage,肉肠,肉肠,正式目录,卷七,速食与零食部,肉制品与肉类零食,processed_food,R2,summary_frozen_R2,2026-09-24,jev-1.13.0,jev-tcm-reasoning-v0.4,jev-tcm-pilot-fixtures-v0.4,2026-09-25T07:26:44.886025+00:00,93b40ed4b6bdcd1a69aa284bf8b2450b7b8cd486940124f4ead52bd6ff400aca,references/entries/sausage/mapping.md,qa/jev-entry-batches/23-snacks-dried-meat/raw/sausage.json,平,0.97,0,0,0.98,0.02,0,0.04,0.04,0.11,0.08,0.23,0.04,0.04,0.06,0.04,0.04,阳+,0.35,0.18,0.05,0.26,0.51,阴-,0.18,0.39,0.03,0.31,0.27,阳+,0.4,0.38,0.03,0.04,0.55,阴-,0.28,0.46,0.05,0.25,0.24,阳+,0.25,0.41,0.06,0.09,0.44
ham-sausage,火腿肠,火腿肠,正式目录,卷七,速食与零食部,肉制品与肉类零食,processed_food,R2,summary_frozen_R2,2026-09-24,jev-1.13.0,jev-tcm-reasoning-v0.4,jev-tcm-pilot-fixtures-v0.4,2026-09-25T07:35:04.272269+00:00,8a8b2355ffca86ea7d130e0585e6baeb38ac9392606eabe2c396333a50a9c71f,references/entries/ham-sausage/mapping.md,qa/jev-entry-batches/24-processed-meat-chinese-snacks/raw/ham-sausage.json,平,0.97,0,0,0.98,0.02,0,0.04,0.04,0.1,0.09,0.41,0.04,0.04,0.08,0.04,0.05,阳+,0.39,0.24,0.04,0.18,0.54,阴-,0.19,0.39,0.03,0.26,0.32,阳+,0.41,0.4,0.02,0.02,0.56,阴-,0.38,0.54,0.03,0.14,0.29,阴-,0.42,0.56,0.04,0.05,0.35
luncheon-meat,午餐肉,午餐肉,正式目录,卷七,速食与零食部,肉制品与肉类零食,processed_food,R2,summary_frozen_R2,2026-09-24,jev-1.13.0,jev-tcm-reasoning-v0.4,jev-tcm-pilot-fixtures-v0.4,2026-09-25T07:35:04.515989+00:00,6a1def4d552dcdd06223d3c93699986c88f759c0e4d29b3392ee646e33657f5e,references/entries/luncheon-meat/mapping.md,qa/jev-entry-batches/24-processed-meat-chinese-snacks/raw/luncheon-meat.json,平,0.96,0,0,0.97,0.03,0,0.04,0.04,0.11,0.07,0.42,0.05,0.04,0.08,0.04,0.05,阳+,0.44,0.2,0.06,0.15,0.59,阴-,0.15,0.37,0.06,0.21,0.36,阳+,0.54,0.28,0.04,0.02,0.66,阴-,0.32,0.49,0.04,0.14,0.33,阴-,0.3,0.48,0.06,0.04,0.42
bacon,培根,培根,正式目录,卷七,速食与零食部,肉制品与肉类零食,processed_food,R2,summary_frozen_R2,2026-09-24,jev-1.13.0,jev-tcm-reasoning-v0.4,jev-tcm-pilot-fixtures-v0.4,2026-09-25T07:35:04.977463+00:00,ef133101651d4344be9ae4c5916e50971dcca2b6799a981ab9a741eaf2ffdff6,references/entries/bacon/mapping.md,qa/jev-entry-batches/24-processed-meat-chinese-snacks/raw/bacon.json,平,0.93,0,0,0.95,0.03,0.02,0.05,0.04,0.07,0.09,0.32,0.04,0.05,0.07,0.05,0.05,阳+,0.32,0.22,0.03,0.26,0.49,阴-,0.19,0.4,0.02,0.29,0.29,阳+,0.32,0.42,0.04,0.05,0.49,阴-,0.33,0.5,0.03,0.26,0.21,阴-,0.29,0.46,0.05,0.15,0.34
pork-floss,肉松,肉松,正式目录,卷七,速食与零食部,肉制品与肉类零食,processed_food,R2,summary_frozen_R2,2026-09-24,jev-1.13.0,jev-tcm-reasoning-v0.4,jev-tcm-pilot-fixtures-v0.4,2026-09-25T07:35:05.253487+00:00,c8297b5b237d05ff138f46dfd80196057a2ab1062592c3ad68cd349bd816f550,references/entries/pork-floss/mapping.md,qa/jev-entry-batches/24-processed-meat-chinese-snacks/raw/pork-floss.json,平,0.93,0,0,0.94,0.05,0.01,0.04,0.04,0.41,0.07,0.34,0.05,0.05,0.13,0.05,0.05,阳+,0.41,0.15,0.22,0.07,0.56,阴-,0.11,0.33,0.14,0.21,0.32,阳+,0.53,0.21,0.12,0.02,0.65,阴-,0.28,0.46,0.1,0.12,0.32,阳+,0.2,0.32,0.23,0.05,0.4
latiao,辣条,辣条,正式目录,卷七,速食与零食部,中国特色现代零食,processed_food,R2,summary_frozen_R2,2026-09-24,jev-1.13.0,jev-tcm-reasoning-v0.4,jev-tcm-pilot-fixtures-v0.4,2026-09-25T07:35:05.497044+00:00,6d0d3649420bebbfbba21e66fc9495e17a1db9c6cb6ca8bf2e430249bef26fa5,references/entries/latiao/mapping.md,qa/jev-entry-batches/24-processed-meat-chinese-snacks/raw/latiao.json,平,0.75,0,0,0.79,0.09,0.12,0.05,0.06,0.12,0.43,0.32,0.05,0.06,0.11,0.05,0.05,阳+,0.26,0.21,0.01,0.33,0.45,阳-,0.22,0.32,0.01,0.41,0.26,阴-,0.29,0.47,0.01,0.07,0.45,阴-,0.27,0.45,0.02,0.29,0.24,阴-,0.48,0.61,0.02,0.11,0.26
konjac-snack,魔芋爽,魔芋爽,正式目录,卷七,速食与零食部,中国特色现代零食,processed_food,R2,summary_frozen_R2,2026-09-24,jev-1.13.0,jev-tcm-reasoning-v0.4,jev-tcm-pilot-fixtures-v0.4,2026-09-25T07:35:05.760784+00:00,8df0e3a0cd04c4d895ebc587e183d93f2ff1115529651fe07aa86274b55200cb,references/entries/konjac-snack/mapping.md,qa/jev-entry-batches/24-processed-meat-chinese-snacks/raw/konjac-snack.json,平,0.88,0,0,0.91,0.02,0.07,0.06,0.07,0.1,0.38,0.2,0.05,0.06,0.16,0.06,0.05,阴-,0.37,0.54,0.02,0.25,0.19,阴-,0.61,0.72,0.01,0.23,0.04,阴-,0.87,0.9,0.01,0.01,0.08,阴-,0.81,0.86,0.05,0.06,0.03,阴-,0.87,0.9,0.03,0.04,0.03
seasoned-dried-tofu,豆干零食,豆干零食,正式目录,卷七,速食与零食部,中国特色现代零食,processed_food,R2,summary_frozen_R2,2026-09-24,jev-1.13.0,jev-tcm-reasoning-v0.4,jev-tcm-pilot-fixtures-v0.4,2026-09-25T07:35:05.995521+00:00,e0a13e3e7fa95fe8bfa5ea627730703904dd277b7332150e9a25a16abecdb0a5,references/entries/seasoned-dried-tofu/mapping.md,qa/jev-entry-batches/24-processed-meat-chinese-snacks/raw/seasoned-dried-tofu.json,平,0.99,0,0,0.99,0.01,0,0.06,0.06,0.2,0.14,0.38,0.05,0.06,0.11,0.05,0.05,阴-,0.11,0.34,0.09,0.28,0.29,阴-,0.31,0.48,0.11,0.27,0.14,阳+,0.42,0.35,0.07,0.02,0.5599999999999999,阴-,0.45,0.59,0.14,0.12,0.15,阴-,0.5,0.63,0.2,0.05,0.12
lo-mei-snacks,卤味零食,卤味零食,正式目录,卷七,速食与零食部,中国特色现代零食,processed_food,R2,summary_frozen_R2,2026-09-24,jev-1.13.0,jev-tcm-reasoning-v0.4,jev-tcm-pilot-fixtures-v0.4,2026-09-25T07:35:06.264052+00:00,3042f797b1e3cf3c70d0a81cf44d41c631d8acbacae3c386abc11fcad50e6aba,references/entries/lo-mei-snacks/mapping.md,qa/jev-entry-batches/24-processed-meat-chinese-snacks/raw/lo-mei-snacks.json,平,0.98,0,0,0.99,0.01,0,0.04,0.05,0.12,0.11,0.34,0.04,0.05,0.07,0.04,0.04,阳+,0.18,0.34,0.04,0.24,0.38,阴-,0.25,0.43,0.04,0.33,0.2,阴-,0.42,0.57,0.02,0.06,0.35,阴-,0.39,0.54,0.04,0.26,0.16,阴-,0.49,0.62,0.06,0.08,0.24
duck-neck,鸭脖,鸭脖,正式目录,卷七,速食与零食部,中国特色现代零食,processed_food,R2,summary_frozen_R2,2026-09-24,jev-1.13.0,jev-tcm-reasoning-v0.4,jev-tcm-pilot-fixtures-v0.4,2026-09-25T07:35:06.539520+00:00,85490d11215d6fa092e9e2884f71352a8020bf92a4d5fcb6f74e0a06cc1446f0,references/entries/duck-neck/mapping.md,qa/jev-entry-batches/24-processed-meat-chinese-snacks/raw/duck-neck.json,平,0.82,0,0,0.86,0.07,0.07,0.05,0.05,0.11,0.33,0.4,0.05,0.06,0.08,0.05,0.05,阳+,0.33,0.22,0.06,0.22,0.5,阳-,0.14,0.34,0.04,0.36,0.26,阳+,0.39,0.39,0.03,0.04,0.54,阴-,0.34,0.51,0.03,0.24,0.22,阴-,0.37,0.53,0.09,0.07,0.31
boneless-chicken-feet,无骨凤爪,无骨凤爪,正式目录,卷七,速食与零食部,中国特色现代零食,processed_food,R2,summary_frozen_R2,2026-09-24,jev-1.13.0,jev-tcm-reasoning-v0.4,jev-tcm-pilot-fixtures-v0.4,2026-09-25T07:35:06.804988+00:00,f608b9a97f688b2b674e8eb17a56b94e5a6b773aa6501fae752c37b2f1dbdc74,references/entries/boneless-chicken-feet/mapping.md,qa/jev-entry-batches/24-processed-meat-chinese-snacks/raw/boneless-chicken-feet.json,平,0.95,0.01,0.02,0.96,0.01,0,0.3,0.06,0.12,0.21,0.25,0.04,0.06,0.08,0.04,0.04,阳-,0.1,0.25,0.11,0.32,0.32,阳-,0.2,0.38,0.13,0.39,0.1,阴-,0.26,0.45,0.13,0.03,0.39,阴-,0.29,0.47,0.09,0.34,0.1,阴-,0.34,0.5,0.26,0.08,0.16
fish-tofu,鱼豆腐,鱼豆腐,正式目录,卷七,速食与零食部,中国特色现代零食,processed_food,R2,summary_frozen_R2,2026-09-24,jev-1.13.0,jev-tcm-reasoning-v0.4,jev-tcm-pilot-fixtures-v0.4,2026-09-25T07:43:01.025541+00:00,07336e4bd3625815aad8c2d8af07e59bd2d3b1bd2e09c74cb66b6ed68eb54ae0,references/entries/fish-tofu/mapping.md,qa/jev-entry-batches/25-fish-tofu-meals/raw/fish-tofu.json,平,1,0,0,1,0,0,0.04,0.04,0.13,0.06,0.13,0.04,0.04,0.07,0.04,0.05,阳+,0.28,0.2,0.19,0.15,0.46,阴-,0.22,0.42,0.12,0.22,0.24,阳+,0.55,0.27,0.05,0.02,0.66,阴-,0.25,0.44,0.18,0.12,0.26,阴-,0.25,0.44,0.3,0.05,0.21
beef-burger,牛肉汉堡,牛肉汉堡,正式目录,卷八,复合餐食部,汉堡与夹食,processed_food,R2,summary_frozen_R2,2026-09-24,jev-1.13.0,jev-tcm-reasoning-v0.4,jev-tcm-pilot-fixtures-v0.4,2026-09-25T07:43:01.435105+00:00,0cff34187aa3600810012a15b32986b3cf8a629961e4bd167d59eaecb7d394d2,references/entries/beef-burger/mapping.md,qa/jev-entry-batches/25-fish-tofu-meals/raw/beef-burger.json,平,0.96,0,0,0.97,0.01,0.02,0.04,0.04,0.08,0.06,0.2,0.04,0.05,0.07,0.04,0.04,阳+,0.34,0.17,0.04,0.28,0.51,阴-,0.14,0.36,0.04,0.34,0.26,阳+,0.4,0.36,0.03,0.06,0.55,阴-,0.28,0.46,0.03,0.31,0.2,阴-,0.25,0.44,0.04,0.14,0.38
fried-chicken-burger,炸鸡汉堡,炸鸡汉堡,正式目录,卷八,复合餐食部,汉堡与夹食,processed_food,R2,summary_frozen_R2,2026-09-24,jev-1.13.0,jev-tcm-reasoning-v0.4,jev-tcm-pilot-fixtures-v0.4,2026-09-25T07:43:02.006480+00:00,f81b5d597843f34001adda05af76f43e2ad668cfeb58c3fdc23879bd609a3e8d,references/entries/fried-chicken-burger/mapping.md,qa/jev-entry-batches/25-fish-tofu-meals/raw/fried-chicken-burger.json,平,0.96,0,0,0.97,0.01,0.02,0.04,0.04,0.09,0.07,0.18,0.04,0.04,0.07,0.04,0.03,阳+,0.32,0.24,0.02,0.25,0.49,阴-,0.17,0.38,0.02,0.34,0.26,阳+,0.35,0.42,0.01,0.06,0.51,阴-,0.29,0.47,0.04,0.25,0.24,阴-,0.34,0.5,0.04,0.11,0.35
plant-based-burger,植物肉汉堡,植物肉汉堡,正式目录,卷八,复合餐食部,汉堡与夹食,processed_food,R2,summary_frozen_R2,2026-09-24,jev-1.13.0,jev-tcm-reasoning-v0.4,jev-tcm-pilot-fixtures-v0.4,2026-09-25T07:43:02.448802+00:00,d60c0d75e176bc137c37c1384d24e226415bd00af771af0094757b0dcfd0d0e4,references/entries/plant-based-burger/mapping.md,qa/jev-entry-batches/25-fish-tofu-meals/raw/plant-based-burger.json,平,1,0,0,1,0,0,0.04,0.04,0.08,0.05,0.13,0.07,0.06,0.07,0.04,0.04,阳-,0.44,0.22,0.04,0.58,0.16,阳-,0.41,0.37,0.02,0.56,0.05,阳+,0.38,0.39,0.03,0.05,0.53,阳-,0.25,0.37,0.08,0.43,0.12,阴-,0.46,0.6,0.07,0.2,0.13
hot-dog,热狗,热狗,正式目录,卷八,复合餐食部,汉堡与夹食,processed_food,R2,summary_frozen_R2,2026-09-24,jev-1.13.0,jev-tcm-reasoning-v0.4,jev-tcm-pilot-fixtures-v0.4,2026-09-25T07:43:02.908099+00:00,0277c497396a496f9f18e0acbea1d5efb1b9ae7f4bb2b3184e59b8295afecc39,references/entries/hot-dog/mapping.md,qa/jev-entry-batches/25-fish-tofu-meals/raw/hot-dog.json,平,0.98,0,0,0.98,0.01,0.01,0.05,0.04,0.09,0.08,0.24,0.04,0.04,0.06,0.04,0.04,阳+,0.25,0.26,0.02,0.28,0.44,阴-,0.22,0.41,0.02,0.35,0.22,阳+,0.33,0.43,0.02,0.05,0.5,阴-,0.28,0.46,0.04,0.24,0.26,阴-,0.35,0.51,0.03,0.14,0.32
sandwich,三明治,三明治,正式目录,卷八,复合餐食部,汉堡与夹食,processed_food,R2,summary_frozen_R2,2026-09-24,jev-1.13.0,jev-tcm-reasoning-v0.4,jev-tcm-pilot-fixtures-v0.4,2026-09-25T07:43:03.312236+00:00,07e5dd514a09630dcdcd714464842d001c8b0458d58c4983cffee88e476e7318,references/entries/sandwich/mapping.md,qa/jev-entry-batches/25-fish-tofu-meals/raw/sandwich.json,平,1,0,0,1,0,0,0.05,0.04,0.11,0.05,0.23,0.04,0.04,0.08,0.04,0.04,阳+,0.17,0.29,0.05,0.28,0.38,阴-,0.24,0.43,0.02,0.42,0.13,阳+,0.42,0.38,0.02,0.03,0.56,阴-,0.39,0.55,0.1,0.2,0.15,阴-,0.53,0.65,0.05,0.1,0.2
wrap,卷饼,卷饼,正式目录,卷八,复合餐食部,汉堡与夹食,processed_food,R2,summary_frozen_R2,2026-09-24,jev-1.13.0,jev-tcm-reasoning-v0.4,jev-tcm-pilot-fixtures-v0.4,2026-09-25T07:43:03.742237+00:00,38284ee7ddb7e0d8163f7fc3cc1c3a6deaa4d2266ceefc6a69971aac62f51099,references/entries/wrap/mapping.md,qa/jev-entry-batches/25-fish-tofu-meals/raw/wrap.json,平,1,0,0,1,0,0,0.05,0.04,0.09,0.06,0.1,0.04,0.04,0.07,0.04,0.04,阳+,0.21,0.23,0.04,0.33,0.39999999999999997,阳-,0.39,0.3,0.01,0.55,0.14,阳+,0.39,0.39,0.02,0.05,0.54,阴-,0.3,0.47,0.07,0.22,0.24,阴-,0.32,0.49,0.05,0.17,0.29
burrito,墨西哥卷,墨西哥卷,正式目录,卷八,复合餐食部,汉堡与夹食,processed_food,R2,summary_frozen_R2,2026-09-24,jev-1.13.0,jev-tcm-reasoning-v0.4,jev-tcm-pilot-fixtures-v0.4,2026-09-25T07:43:04.166581+00:00,8628ea15c49eac9fc55841a7663bffb5368ce8f49fd513af9a0c331eda2a55e7,references/entries/burrito/mapping.md,qa/jev-entry-batches/25-fish-tofu-meals/raw/burrito.json,平,1,0,0,1,0,0,0.05,0.04,0.1,0.07,0.17,0.04,0.04,0.07,0.04,0.04,阳+,0.29,0.29,0.02,0.22,0.47,阳-,0.21,0.39999999999999997,0.02,0.41,0.17,阳+,0.33,0.43,0.02,0.06,0.49,阴-,0.36,0.52,0.05,0.22,0.21,阴-,0.5,0.62,0.04,0.12,0.22
bagel-sandwich,贝果三明治,贝果三明治,正式目录,卷八,复合餐食部,汉堡与夹食,processed_food,R2,summary_frozen_R2,2026-09-24,jev-1.13.0,jev-tcm-reasoning-v0.4,jev-tcm-pilot-fixtures-v0.4,2026-09-25T07:43:04.605284+00:00,d7ff4d73325f5a085c32e55bd71dc9349a0beef8184f414c6e861db6a4e724bf,references/entries/bagel-sandwich/mapping.md,qa/jev-entry-batches/25-fish-tofu-meals/raw/bagel-sandwich.json,平,1,0,0,1,0,0,0.04,0.04,0.09,0.05,0.14,0.03,0.04,0.06,0.04,0.03,阳+,0.3,0.26,0.04,0.23,0.47,阳-,0.23,0.38,0.02,0.41,0.19,阳+,0.46,0.34,0.02,0.04,0.6,阴-,0.36,0.52,0.07,0.16,0.25,阴-,0.42,0.57,0.05,0.12,0.26
fried-chicken,炸鸡,炸鸡,正式目录,卷八,复合餐食部,炸烤食品,processed_food,R2,summary_frozen_R2,2026-09-24,jev-1.13.0,jev-tcm-reasoning-v0.4,jev-tcm-pilot-fixtures-v0.4,2026-09-25T07:43:05.008962+00:00,e799fec1d8b9bb3ea10901ba035db5f58bfc700800347502146f3d28f7bcbde1,references/entries/fried-chicken/mapping.md,qa/jev-entry-batches/25-fish-tofu-meals/raw/fried-chicken.json,平,0.88,0,0,0.91,0.03,0.06,0.04,0.04,0.12,0.1,0.23,0.04,0.04,0.07,0.04,0.04,阳+,0.44,0.18,0.05,0.19,0.58,阴-,0.2,0.4,0.02,0.28,0.3,阳+,0.47,0.33,0.03,0.03,0.61,阴-,0.31,0.48,0.04,0.17,0.31,阴-,0.24,0.43,0.08,0.07,0.42
chicken-nuggets,鸡块,鸡块,正式目录,卷八,复合餐食部,炸烤食品,processed_food,R2,summary_frozen_R2,2026-09-24,jev-1.13.0,jev-tcm-reasoning-v0.4,jev-tcm-pilot-fixtures-v0.4,2026-09-25T07:49:36.290564+00:00,0439ad9ccba4d25a994f00f5e4f02c82c10ee7524efc47f8123c63fcfd7e2917,references/entries/chicken-nuggets/mapping.md,qa/jev-entry-batches/26-fried-baked-meals/raw/chicken-nuggets.json,平,0.94,0,0,0.95,0.02,0.03,0.04,0.04,0.1,0.08,0.17,0.04,0.04,0.07,0.04,0.04,阳+,0.4,0.17,0.07,0.2,0.55,阴-,0.21,0.39999999999999997,0.04,0.27,0.29,阳+,0.56,0.27,0.03,0.04,0.66,阴-,0.25,0.44,0.04,0.19,0.33,阴-,0.33,0.5,0.08,0.08,0.34
popcorn-chicken,鸡米花,鸡米花,正式目录,卷八,复合餐食部,炸烤食品,processed_food,R2,summary_frozen_R2,2026-09-24,jev-1.13.0,jev-tcm-reasoning-v0.4,jev-tcm-pilot-fixtures-v0.4,2026-09-25T07:49:36.727519+00:00,daec765d8f1455810e7187269e412c39f5af546a92b574b8da55e4ff01ae11d8,references/entries/popcorn-chicken/mapping.md,qa/jev-entry-batches/26-fried-baked-meals/raw/popcorn-chicken.json,平,0.86,0,0,0.89,0.05,0.06,0.04,0.04,0.13,0.09,0.16,0.04,0.04,0.08,0.04,0.04,阳+,0.57,0.14,0.07,0.11,0.68,阴-,0.18,0.39,0.03,0.23,0.35,阳+,0.55,0.28,0.03,0.02,0.66,阴-,0.24,0.43,0.04,0.14,0.39,阳+,0.27,0.39,0.09,0.08,0.44
fried-fish,炸鱼,炸鱼,正式目录,卷八,复合餐食部,炸烤食品,processed_food,R2,summary_frozen_R2,2026-09-24,jev-1.13.0,jev-tcm-reasoning-v0.4,jev-tcm-pilot-fixtures-v0.4,2026-09-25T07:49:37.130483+00:00,7ffd6ea4416ba8e327d72c9e7315efba1df16ab589ebeb5fa2a2a21a77ce10ac,references/entries/fried-fish/mapping.md,qa/jev-entry-batches/26-fried-baked-meals/raw/fried-fish.json,平,0.79,0,0,0.83,0.07,0.1,0.06,0.04,0.08,0.07,0.16,0.04,0.04,0.07,0.04,0.04,阳+,0.25,0.26,0.09,0.22,0.43,阴-,0.21,0.41,0.07,0.29,0.23,阳+,0.29,0.47000000000000003,0.02,0.05,0.46,阴-,0.33,0.5,0.07,0.16,0.27,阴-,0.28,0.45,0.2,0.09,0.26
onion-rings,炸洋葱圈,炸洋葱圈,正式目录,卷八,复合餐食部,炸烤食品,processed_food,R2,summary_frozen_R2,2026-09-24,jev-1.13.0,jev-tcm-reasoning-v0.4,jev-tcm-pilot-fixtures-v0.4,2026-09-25T07:49:37.577062+00:00,f356c2f9c0d5efa86a8f28eecfaddd192f7edf6268cf418c9fc57b58ff394082,references/entries/onion-rings/mapping.md,qa/jev-entry-batches/26-fried-baked-meals/raw/onion-rings.json,平,0.85,0,0,0.89,0.03,0.08,0.05,0.04,0.11,0.15,0.21,0.04,0.05,0.08,0.05,0.04,阳+,0.27,0.31,0.02,0.21,0.46,阴-,0.29,0.45999999999999996,0.02,0.33,0.19,阴-,0.33,0.49,0.02,0.04,0.45,阴-,0.39,0.54,0.03,0.14,0.28,阴-,0.52,0.64,0.02,0.09,0.25
grilled-chicken-wings,烤翅,烤翅,正式目录,卷八,复合餐食部,炸烤食品,processed_food,R2,summary_frozen_R2,2026-09-24,jev-1.13.0,jev-tcm-reasoning-v0.4,jev-tcm-pilot-fixtures-v0.4,2026-09-25T07:49:38.001380+00:00,5668ec6b7887f0bfc3819c544b7a906fa892da8fe4c859604dfa57149d25ebf3,references/entries/grilled-chicken-wings/mapping.md,qa/jev-entry-batches/26-fried-baked-meals/raw/grilled-chicken-wings.json,平,0.84,0,0,0.88,0.07,0.05,0.06,0.05,0.26,0.19,0.35,0.05,0.05,0.09,0.04,0.04,阳+,0.52,0.12,0.04,0.19,0.65,阳+,0.16,0.32,0.04,0.27,0.37,阳+,0.55,0.28,0.03,0.02,0.66,阳+,0.21,0.39,0.04,0.16,0.41,阳+,0.29,0.38,0.07,0.09,0.46
grilled-sausage,烤肠,烤肠,正式目录,卷八,复合餐食部,炸烤食品,processed_food,R2,summary_frozen_R2,2026-09-24,jev-1.13.0,jev-tcm-reasoning-v0.4,jev-tcm-pilot-fixtures-v0.4,2026-09-25T07:49:38.426637+00:00,f45f826d2e93d92f16ed2afb841ba742e0200033c2a48b57162cff52a3ff4217,references/entries/grilled-sausage/mapping.md,qa/jev-entry-batches/26-fried-baked-meals/raw/grilled-sausage.json,平,0.93,0,0,0.94,0.03,0.03,0.04,0.04,0.07,0.08,0.22,0.04,0.04,0.06,0.04,0.04,阳+,0.41,0.17,0.03,0.24,0.56,阴-,0.18,0.39,0.02,0.3,0.29,阳+,0.35,0.41,0.02,0.06,0.51,阴-,0.32,0.48,0.03,0.18,0.31,阴-,0.25,0.44,0.04,0.11,0.41
meat-skewers,烤肉串,烤肉串,正式目录,卷八,复合餐食部,炸烤食品,processed_food,R2,summary_frozen_R2,2026-09-24,jev-1.13.0,jev-tcm-reasoning-v0.4,jev-tcm-pilot-fixtures-v0.4,2026-09-25T07:49:38.859743+00:00,8bca0e799a552df39e0807d08717d12e8ae45388a12452ee98139c9f0358a454,references/entries/meat-skewers/mapping.md,qa/jev-entry-batches/26-fried-baked-meals/raw/meat-skewers.json,平,0.82,0,0,0.85,0.04,0.11,0.04,0.06,0.08,0.12,0.26,0.04,0.06,0.07,0.06,0.05,阳+,0.21,0.2,0.02,0.37,0.41,阳-,0.18,0.37,0.02,0.39,0.22,阳+,0.33,0.4,0.02,0.08,0.5,阴-,0.32,0.49,0.03,0.34,0.14,阴-,0.2,0.4,0.04,0.24,0.32
pizza,披萨,披萨,正式目录,卷八,复合餐食部,披萨与焗烤,processed_food,R2,summary_frozen_R2,2026-09-24,jev-1.13.0,jev-tcm-reasoning-v0.4,jev-tcm-pilot-fixtures-v0.4,2026-09-25T07:49:39.312593+00:00,57da0043f3af0e08e36fb478a45910203dd4efd0326ec9a00622deec1c53325a,references/entries/pizza/mapping.md,qa/jev-entry-batches/26-fried-baked-meals/raw/pizza.json,平,0.96,0,0,0.97,0.01,0.02,0.07,0.04,0.13,0.07,0.3,0.04,0.04,0.07,0.04,0.04,阳+,0.2,0.32,0.03,0.24,0.41000000000000003,阴-,0.31,0.48,0.02,0.3,0.2,阳+,0.39,0.4,0.02,0.04,0.54,阴-,0.4,0.55,0.05,0.14,0.26,阴-,0.59,0.7,0.04,0.08,0.18
baked-rice,焗饭,焗饭,正式目录,卷八,复合餐食部,披萨与焗烤,processed_food,R2,summary_frozen_R2,2026-09-24,jev-1.13.0,jev-tcm-reasoning-v0.4,jev-tcm-pilot-fixtures-v0.4,2026-09-25T07:49:39.730765+00:00,80da4b6f04033877d9c34e37dccf12f9e26e1d40bdb6818d1b5906d95fb8bc9f,references/entries/baked-rice/mapping.md,qa/jev-entry-batches/26-fried-baked-meals/raw/baked-rice.json,平,0.97,0,0,0.98,0.01,0.01,0.05,0.04,0.18,0.06,0.19,0.04,0.04,0.1,0.05,0.04,阳+,0.42,0.21,0.05,0.18,0.56,阴-,0.26,0.45,0.03,0.23,0.29,阳+,0.58,0.27,0.02,0.02,0.68,阴-,0.31,0.48,0.09,0.12,0.31,阴-,0.4,0.54,0.08,0.08,0.3
baked-pasta,焗意面,焗意面,正式目录,卷八,复合餐食部,披萨与焗烤,processed_food,R2,summary_frozen_R2,2026-09-24,jev-1.13.0,jev-tcm-reasoning-v0.4,jev-tcm-pilot-fixtures-v0.4,2026-09-25T07:49:40.144779+00:00,7bf1c413e9c0a43396abae560588c920ea319526590b1274bdde0e8d3b8129a2,references/entries/baked-pasta/mapping.md,qa/jev-entry-batches/26-fried-baked-meals/raw/baked-pasta.json,平,0.99,0,0,1,0,0,0.06,0.04,0.17,0.05,0.14,0.03,0.03,0.07,0.05,0.04,阳+,0.25,0.28,0.07,0.22,0.43,阴-,0.28,0.46,0.03,0.28,0.23,阳+,0.53,0.29,0.03,0.03,0.65,阴-,0.33,0.5,0.12,0.12,0.26,阴-,0.48,0.61,0.1,0.09,0.2
cheese-fries,芝士薯条,芝士薯条,正式目录,卷八,复合餐食部,披萨与焗烤,processed_food,R2,summary_frozen_R2,2026-09-24,jev-1.13.0,jev-tcm-reasoning-v0.4,jev-tcm-pilot-fixtures-v0.4,2026-09-25T07:55:18.945394+00:00,a4179846e33f45008d212604cf04491542bf2bd316dbfc5d2f79c1b8ba6502fc,references/entries/cheese-fries/mapping.md,qa/jev-entry-batches/27-cheese-chinese-meals/raw/cheese-fries.json,平,0.89,0,0,0.91,0.04,0.05,0.04,0.04,0.28,0.07,0.23,0.04,0.04,0.12,0.05,0.04,阳+,0.45,0.21,0.05,0.15,0.59,阴-,0.27,0.45,0.03,0.23,0.29,阳+,0.51,0.31,0.03,0.03,0.63,阴-,0.31,0.49,0.09,0.13,0.29,阴-,0.37,0.52,0.15,0.05,0.28
cheese-corn,芝士玉米,芝士玉米,正式目录,卷八,复合餐食部,披萨与焗烤,processed_food,R2,summary_frozen_R2,2026-09-24,jev-1.13.0,jev-tcm-reasoning-v0.4,jev-tcm-pilot-fixtures-v0.4,2026-09-25T07:55:19.246691+00:00,2d1c1f63d8f485cae0a866b332366476a8ab4885284d00169103d8f7f1928c43,references/entries/cheese-corn/mapping.md,qa/jev-entry-batches/27-cheese-chinese-meals/raw/cheese-corn.json,平,0.97,0,0,0.97,0.02,0.01,0.05,0.04,0.32,0.07,0.24,0.04,0.04,0.1,0.04,0.04,阳+,0.34,0.22,0.12,0.15,0.51,阴-,0.26,0.45,0.05,0.19,0.31,阳+,0.52,0.29,0.06,0.02,0.63,阴-,0.28,0.47000000000000003,0.15,0.1,0.28,阴-,0.32,0.49,0.21,0.06,0.24
malatang,麻辣烫,麻辣烫,正式目录,卷八,复合餐食部,中式复合快餐,processed_food,R2,summary_frozen_R2,2026-09-24,jev-1.13.0,jev-tcm-reasoning-v0.4,jev-tcm-pilot-fixtures-v0.4,2026-09-25T07:55:19.550482+00:00,7975a71e513808c389be21127b1e95b96397517e535d8568af8ee376097600c5,references/entries/malatang/mapping.md,qa/jev-entry-batches/27-cheese-chinese-meals/raw/malatang.json,平,0.71,0,0,0.77,0.06,0.17,0.05,0.06,0.09,0.32,0.36,0.05,0.06,0.09,0.05,0.06,阳+,0.31,0.21,0.02,0.3,0.47,阳-,0.2,0.38,0.02,0.4,0.2,阴-,0.33,0.5,0.02,0.06,0.42,阴-,0.27,0.44,0.04,0.3,0.22,阴-,0.44,0.58,0.02,0.1,0.3
maocai,冒菜,冒菜,正式目录,卷八,复合餐食部,中式复合快餐,processed_food,R2,summary_frozen_R2,2026-09-24,jev-1.13.0,jev-tcm-reasoning-v0.4,jev-tcm-pilot-fixtures-v0.4,2026-09-25T07:55:19.907177+00:00,c8989e6f98550b6763703263fafad649ea1ce92cc29df5f81ec3a8718919e55c,references/entries/maocai/mapping.md,qa/jev-entry-batches/27-cheese-chinese-meals/raw/maocai.json,平,0.75,0,0,0.8,0.08,0.12,0.05,0.06,0.08,0.43,0.33,0.05,0.06,0.09,0.05,0.05,阳+,0.34,0.22,0.03,0.25,0.5,阴-,0.18,0.38,0.02,0.36,0.24,阴-,0.33,0.5,0.02,0.05,0.43,阴-,0.29,0.47,0.04,0.28,0.21,阴-,0.43,0.58,0.02,0.08,0.32
mala-xiangguo,麻辣香锅,麻辣香锅,正式目录,卷八,复合餐食部,中式复合快餐,processed_food,R2,summary_frozen_R2,2026-09-24,jev-1.13.0,jev-tcm-reasoning-v0.4,jev-tcm-pilot-fixtures-v0.4,2026-09-25T07:55:20.220633+00:00,7d69d12e210387d3ec54170f2eed9fb8f61d39ef8f51e95dfb7c8a3f29624e66,references/entries/mala-xiangguo/mapping.md,qa/jev-entry-batches/27-cheese-chinese-meals/raw/mala-xiangguo.json,平,0.68,0,0,0.75,0.09,0.16,0.05,0.07,0.08,0.49,0.26,0.06,0.08,0.09,0.05,0.05,阳+,0.42,0.16,0.01,0.26,0.56,阴-,0.13,0.35,0.01,0.29,0.35,阴-,0.34,0.51,0.01,0.06,0.42,阴-,0.27,0.45,0.03,0.22,0.3,阴-,0.33,0.49,0.02,0.1,0.39
hotpot,火锅,火锅,正式目录,卷八,复合餐食部,中式复合快餐,processed_food,R2,summary_frozen_R2,2026-09-24,jev-1.13.0,jev-tcm-reasoning-v0.4,jev-tcm-pilot-fixtures-v0.4,2026-09-25T07:55:20.521405+00:00,9991a0ed6fbc7088b6124b6841253c8ffdb91ddfb82934f95237f277ff93c116,references/entries/hotpot/mapping.md,qa/jev-entry-batches/27-cheese-chinese-meals/raw/hotpot.json,平,0.95,0,0,0.96,0.01,0.03,0.05,0.05,0.09,0.11,0.08,0.05,0.05,0.08,0.04,0.04,阳+,0.37,0.2,0.04,0.24,0.52,阴-,0.15,0.35,0.02,0.36,0.27,阳+,0.4,0.38,0.02,0.05,0.55,阴-,0.27,0.45,0.05,0.23,0.27,阴-,0.29,0.47,0.04,0.08,0.41
dry-pot,干锅,干锅,正式目录,卷八,复合餐食部,中式复合快餐,processed_food,R2,summary_frozen_R2,2026-09-24,jev-1.13.0,jev-tcm-reasoning-v0.4,jev-tcm-pilot-fixtures-v0.4,2026-09-25T07:55:20.823238+00:00,c868f363e82dc7915ca04c421a70e746bb55b6388bf9ee7772e2f20bed0a275c,references/entries/dry-pot/mapping.md,qa/jev-entry-batches/27-cheese-chinese-meals/raw/dry-pot.json,平,0.9,0,0,0.92,0.03,0.05,0.05,0.05,0.08,0.14,0.3,0.04,0.05,0.07,0.04,0.04,阳+,0.23,0.24,0.02,0.32,0.42,阳-,0.18,0.37,0.01,0.39,0.23,阴-,0.36,0.52,0.01,0.05,0.42,阴-,0.35,0.51,0.03,0.24,0.22,阴-,0.42,0.56,0.02,0.16,0.26
barbecue,烧烤,烧烤,正式目录,卷八,复合餐食部,中式复合快餐,processed_food,R2,summary_frozen_R2,2026-09-24,jev-1.13.0,jev-tcm-reasoning-v0.4,jev-tcm-pilot-fixtures-v0.4,2026-09-25T07:55:21.132135+00:00,51ec19d50c87946fa934b0f582f2f973edd2ad26fc9ddfa680218d979aebd9f3,references/entries/barbecue/mapping.md,qa/jev-entry-batches/27-cheese-chinese-meals/raw/barbecue.json,平,0.83,0,0,0.87,0.02,0.11,0.05,0.06,0.07,0.07,0.06,0.04,0.06,0.06,0.05,0.04,阳-,0.18,0.23,0.02,0.39,0.36,阳-,0.24,0.38,0.01,0.44,0.17,阴-,0.27,0.46,0.01,0.13,0.4,阴-,0.23,0.43,0.04,0.35,0.18,阴-,0.26,0.44,0.03,0.25,0.28
grilled-fish,烤鱼,烤鱼,正式目录,卷八,复合餐食部,中式复合快餐,processed_food,R2,summary_frozen_R2,2026-09-24,jev-1.13.0,jev-tcm-reasoning-v0.4,jev-tcm-pilot-fixtures-v0.4,2026-09-25T07:55:21.435735+00:00,eafb46fd369babed98ff95818c82cdb10140e5a025a4bcb80b0e5a8fb2de3801,references/entries/grilled-fish/mapping.md,qa/jev-entry-batches/27-cheese-chinese-meals/raw/grilled-fish.json,平,0.8,0,0,0.85,0.08,0.07,0.05,0.05,0.13,0.29,0.24,0.05,0.06,0.08,0.05,0.06,阳+,0.18,0.2,0.25,0.16,0.39,阴-,0.11,0.33,0.19,0.27,0.21,阳+,0.34,0.4,0.05,0.04,0.51,阴-,0.22,0.42,0.16,0.14,0.28,阴-,0.23,0.42,0.27,0.05,0.26
huangmen-chicken-rice,黄焖鸡米饭,黄焖鸡米饭,正式目录,卷八,复合餐食部,中式复合快餐,processed_food,R2,summary_frozen_R2,2026-09-24,jev-1.13.0,jev-tcm-reasoning-v0.4,jev-tcm-pilot-fixtures-v0.4,2026-09-25T07:55:21.714926+00:00,56ebd196031bb0e8cc6bd0651d8237bb02c7005cf038993fa4049ad72464b82a,references/entries/huangmen-chicken-rice/mapping.md,qa/jev-entry-batches/27-cheese-chinese-meals/raw/huangmen-chicken-rice.json,平,0.96,0,0,0.97,0.03,0,0.05,0.04,0.22,0.08,0.29,0.05,0.04,0.14,0.05,0.04,阳+,0.58,0.13,0.07,0.11,0.69,阳+,0.28,0.3,0.05,0.19,0.46,阳+,0.72,0.17,0.02,0.02,0.79,阳+,0.3,0.35,0.05,0.13,0.47,阳+,0.38,0.37,0.05,0.05,0.53
braised-pork-rice,卤肉饭,卤肉饭,正式目录,卷八,复合餐食部,中式复合快餐,processed_food,R2,summary_frozen_R2,2026-09-24,jev-1.13.0,jev-tcm-reasoning-v0.4,jev-tcm-pilot-fixtures-v0.4,2026-09-25T08:00:41.270315+00:00,9e0253b709ec31efb09a01a832cf2f08e577b761d55b69cdd30b638fe9990127,references/entries/braised-pork-rice/mapping.md,qa/jev-entry-batches/28-condiments/raw/braised-pork-rice.json,平,0.95,0,0,0.96,0.04,0,0.06,0.05,0.26,0.1,0.38,0.04,0.05,0.11,0.04,0.05,阳+,0.38,0.22,0.03,0.21,0.54,阴-,0.22,0.41,0.03,0.27,0.29,阳+,0.5,0.33,0.02,0.02,0.63,阴-,0.35,0.5,0.04,0.18,0.28,阴-,0.32,0.48,0.05,0.06,0.41
tomato-ketchup,番茄酱,番茄酱,正式目录,卷九,调味与甜味料部,现代常用酱,processed_food,R2,summary_frozen_R2,2026-09-24,jev-1.13.0,jev-tcm-reasoning-v0.4,jev-tcm-pilot-fixtures-v0.4,2026-09-25T08:00:41.737774+00:00,3c6fdfabf7386793675aa1494d61ab88cf324216a00dde7d7358fa0635c43a71,references/entries/tomato-ketchup/mapping.md,qa/jev-entry-batches/28-condiments/raw/tomato-ketchup.json,平,0.98,0,0.01,0.99,0,0,0.4,0.06,0.39,0.14,0.35,0.04,0.05,0.07,0.04,0.04,阳-,0.29,0.26,0.14,0.46,0.14,阳-,0.32,0.39,0.07,0.49,0.05,阴-,0.34,0.51,0.11,0.07,0.31,阴-,0.21,0.42,0.2,0.33,0.05,阴-,0.52,0.64,0.11,0.17,0.08
mayonnaise,蛋黄酱,蛋黄酱,正式目录,卷九,调味与甜味料部,现代常用酱,processed_food,R2,summary_frozen_R2,2026-09-24,jev-1.13.0,jev-tcm-reasoning-v0.4,jev-tcm-pilot-fixtures-v0.4,2026-09-25T08:00:42.210578+00:00,ddf873ace97622bf4c4d5447e7daf226fa29faa70923548b268d2d88afa25193,references/entries/mayonnaise/mapping.md,qa/jev-entry-batches/28-condiments/raw/mayonnaise.json,平,0.99,0,0,1,0,0,0.32,0.05,0.17,0.05,0.17,0.04,0.05,0.07,0.04,0.04,阳-,0.05,0.26,0.16,0.29,0.29,阴-,0.18,0.38,0.1,0.32,0.2,阳+,0.26,0.39,0.12,0.04,0.45,阴-,0.27,0.45,0.14,0.28,0.13,阴-,0.35,0.51,0.21,0.12,0.16
salad-dressing,沙拉酱,沙拉酱,正式目录,卷九,调味与甜味料部,现代常用酱,processed_food,R2,summary_frozen_R2,2026-09-24,jev-1.13.0,jev-tcm-reasoning-v0.4,jev-tcm-pilot-fixtures-v0.4,2026-09-25T08:00:42.737824+00:00,a9cf52dbfdbeaf35dca28e7b2c057b4927e155f9e0a54c47ead2959918cd851e,references/entries/salad-dressing/mapping.md,qa/jev-entry-batches/28-condiments/raw/salad-dressing.json,平,0.99,0,0,1,0,0,0.23,0.04,0.17,0.05,0.38,0.04,0.04,0.06,0.04,0.04,阳-,0.25,0.31,0.04,0.44,0.21,阳-,0.33,0.39,0.03,0.5,0.08,阴-,0.48,0.61,0.04,0.06,0.29,阴-,0.36,0.51,0.07,0.33,0.09,阴-,0.58,0.6900000000000001,0.03,0.16,0.12
thousand-island-dressing,千岛酱,千岛酱,正式目录,卷九,调味与甜味料部,现代常用酱,processed_food,R2,summary_frozen_R2,2026-09-24,jev-1.13.0,jev-tcm-reasoning-v0.4,jev-tcm-pilot-fixtures-v0.4,2026-09-25T08:00:43.039986+00:00,63f0b07b9697e5bc71e94ec5e4c02ee86ddbbab632715374a964d3b91e084a77,references/entries/thousand-island-dressing/mapping.md,qa/jev-entry-batches/28-condiments/raw/thousand-island-dressing.json,平,1,0,0,1,0,0,0.3,0.05,0.31,0.06,0.16,0.04,0.04,0.06,0.04,0.04,阳-,0.2,0.32,0.06,0.4,0.22,阳-,0.32,0.37,0.03,0.5,0.1,阴-,0.3,0.48,0.05,0.06,0.41,阴-,0.29,0.47,0.07,0.36,0.1,阴-,0.49,0.61,0.07,0.18,0.14
caesar-dressing,凯撒酱,凯撒酱,正式目录,卷九,调味与甜味料部,现代常用酱,processed_food,R2,summary_frozen_R2,2026-09-24,jev-1.13.0,jev-tcm-reasoning-v0.4,jev-tcm-pilot-fixtures-v0.4,2026-09-25T08:00:43.387546+00:00,83e72fa1261bef9426aafc8124e8675d558fd9a5e0435597dd3b43ac1df8aeef,references/entries/caesar-dressing/mapping.md,qa/jev-entry-batches/28-condiments/raw/caesar-dressing.json,平,0.99,0,0,1,0,0,0.36,0.06,0.11,0.11,0.25,0.04,0.05,0.06,0.04,0.04,阳+,0.13,0.34,0.04,0.27,0.35,阴-,0.28,0.45,0.03,0.39,0.13,阴-,0.41,0.56,0.04,0.05,0.35,阴-,0.34,0.51,0.07,0.28,0.14,阴-,0.49,0.62,0.05,0.14,0.19
mustard-sauce,芥末酱,芥末酱,正式目录,卷九,调味与甜味料部,现代常用酱,processed_food,R2,summary_frozen_R2,2026-09-24,jev-1.13.0,jev-tcm-reasoning-v0.4,jev-tcm-pilot-fixtures-v0.4,2026-09-25T08:00:43.904834+00:00,7400ec79abb2f2158f72c14a094d0586d0866f12297f955d6407c7548e72abd0,references/entries/mustard-sauce/mapping.md,qa/jev-entry-batches/28-condiments/raw/mustard-sauce.json,平,0.87,0,0,0.9,0.09,0.01,0.09,0.07,0.07,0.5,0.09,0.04,0.06,0.06,0.07,0.04,阳+,0.42,0.17,0.01,0.26,0.5599999999999999,阳+,0.21,0.24,0.01,0.35,0.39999999999999997,阳+,0.35,0.4,0.01,0.09,0.5,阳+,0.23,0.33,0.01,0.23,0.43,阴-,0.26,0.44,0.02,0.16,0.38
yellow-mustard-sauce,黄芥末酱,黄芥末酱,正式目录,卷九,调味与甜味料部,现代常用酱,processed_food,R2,summary_frozen_R2,2026-09-24,jev-1.13.0,jev-tcm-reasoning-v0.4,jev-tcm-pilot-fixtures-v0.4,2026-09-25T08:00:44.247603+00:00,2a35739502d99484843a06a94e11ca74daebee1c5430a06e84bb4cb6ac79b751,references/entries/yellow-mustard-sauce/mapping.md,qa/jev-entry-batches/28-condiments/raw/yellow-mustard-sauce.json,平,0.94,0,0,0.96,0.03,0.01,0.35,0.09,0.11,0.29,0.19,0.04,0.06,0.07,0.05,0.04,阳+,0.23,0.23,0.01,0.33,0.43,阳-,0.18,0.36,0.01,0.39,0.24,阴-,0.34,0.5,0.02,0.08,0.4,阴-,0.25,0.44,0.02,0.28,0.26,阴-,0.36,0.53,0.02,0.19,0.26
barbecue-sauce,烧烤酱,烧烤酱,正式目录,卷九,调味与甜味料部,现代常用酱,processed_food,R2,summary_frozen_R2,2026-09-24,jev-1.13.0,jev-tcm-reasoning-v0.4,jev-tcm-pilot-fixtures-v0.4,2026-09-25T08:00:44.554135+00:00,3e2f95b71a79d4d750963d4bba6f04889de726c6afaa88597a80c5437e628282,references/entries/barbecue-sauce/mapping.md,qa/jev-entry-batches/28-condiments/raw/barbecue-sauce.json,平,0.98,0,0,0.99,0.01,0,0.39,0.05,0.49,0.24,0.31,0.04,0.05,0.09,0.05,0.04,阳-,0.17,0.25,0.1,0.38,0.27,阳-,0.3,0.37,0.03,0.48,0.12,阴-,0.18,0.39,0.23,0.05,0.33,阴-,0.3,0.48,0.11,0.29,0.12,阴-,0.54,0.65,0.05,0.14,0.16
teriyaki-sauce,照烧酱,照烧酱,正式目录,卷九,调味与甜味料部,现代常用酱,processed_food,R2,summary_frozen_R2,2026-09-24,jev-1.13.0,jev-tcm-reasoning-v0.4,jev-tcm-pilot-fixtures-v0.4,2026-09-25T08:00:44.904680+00:00,669d83432f0975d06c6e61b70f9c067a6ef904b4a2d293c63d0f7d411ff70695,references/entries/teriyaki-sauce/mapping.md,qa/jev-entry-batches/28-condiments/raw/teriyaki-sauce.json,平,0.99,0,0,0.99,0.01,0,0.05,0.05,0.52,0.07,0.61,0.04,0.05,0.07,0.04,0.04,阳+,0.12,0.29,0.07,0.3,0.34,阳-,0.2,0.37,0.04,0.4,0.19,阳+,0.27,0.36,0.14,0.04,0.46,阴-,0.25,0.44,0.09,0.25,0.22,阴-,0.46,0.59,0.06,0.11,0.24
sweet-chili-sauce,甜辣酱,甜辣酱,正式目录,卷九,调味与甜味料部,现代常用酱,processed_food,R2,summary_frozen_R2,2026-09-24,jev-1.13.0,jev-tcm-reasoning-v0.4,jev-tcm-pilot-fixtures-v0.4,2026-09-25T08:05:18.754721+00:00,701bcbf16d74f9e961ee2e73b73339435621dc5e1786707ceb82c6903795d16a,references/entries/sweet-chili-sauce/mapping.md,qa/jev-entry-batches/29-seasonings/raw/sweet-chili-sauce.json,平,0.64,0,0,0.71,0.19,0.1,0.42,0.05,0.52,0.52,0.49,0.05,0.06,0.09,0.05,0.05,阳+,0.56,0.13,0.02,0.18,0.67,阳+,0.34,0.23,0.01,0.26,0.5,阳+,0.3,0.38,0.09,0.06,0.47,阳+,0.18,0.34,0.03,0.24,0.39,阴-,0.31,0.48,0.03,0.12,0.37
chili-sauce,辣椒酱,辣椒酱,正式目录,卷九,调味与甜味料部,现代常用酱,processed_food,R2,summary_frozen_R2,2026-09-24,jev-1.13.0,jev-tcm-reasoning-v0.4,jev-tcm-pilot-fixtures-v0.4,2026-09-25T08:05:18.924497+00:00,faa1a7cf12cfd72481056342f2a59e5d3c92abf5171dd0cc08909d9aaf7b89f6,references/entries/chili-sauce/mapping.md,qa/jev-entry-batches/29-seasonings/raw/chili-sauce.json,平,0.66,0,0,0.73,0.13,0.14,0.08,0.06,0.08,0.47,0.31,0.06,0.07,0.1,0.06,0.05,阳+,0.67,0.07,0,0.17,0.76,阳+,0.49,0.14,0,0.24,0.62,阳+,0.59,0.24,0,0.06,0.7,阳+,0.41,0.26,0.01,0.18,0.55,阳+,0.46,0.28,0.01,0.12,0.59
garlic-sauce,蒜蓉酱,蒜蓉酱,正式目录,卷九,调味与甜味料部,现代常用酱,processed_food,R2,summary_frozen_R2,2026-09-24,jev-1.13.0,jev-tcm-reasoning-v0.4,jev-tcm-pilot-fixtures-v0.4,2026-09-25T08:05:19.051089+00:00,1806ad421601383c1cec6271418a5f2a20e8efdfdfde548ab90c26a5c8f070b6,references/entries/garlic-sauce/mapping.md,qa/jev-entry-batches/29-seasonings/raw/garlic-sauce.json,平,0.93,0,0,0.95,0.05,0,0.12,0.06,0.16,0.36,0.32,0.05,0.06,0.08,0.06,0.05,阳+,0.23,0.25,0.01,0.31,0.43,阳-,0.22,0.35,0.01,0.42,0.22,阴-,0.32,0.49,0.01,0.06,0.44,阴-,0.22,0.41,0.03,0.29,0.27,阴-,0.33,0.51,0.02,0.16,0.31
black-pepper-sauce,黑胡椒酱,黑胡椒酱,正式目录,卷九,调味与甜味料部,现代常用酱,processed_food,R2,summary_frozen_R2,2026-09-24,jev-1.13.0,jev-tcm-reasoning-v0.4,jev-tcm-pilot-fixtures-v0.4,2026-09-25T08:05:19.196698+00:00,4a138b4ccc0c29cb58cedf43e202e44727a658882a867300bb10185cc1d926cc,references/entries/black-pepper-sauce/mapping.md,qa/jev-entry-batches/29-seasonings/raw/black-pepper-sauce.json,平,0.91,0,0,0.93,0.07,0,0.05,0.07,0.17,0.33,0.54,0.05,0.05,0.08,0.05,0.05,阳+,0.42,0.18,0.02,0.24,0.5599999999999999,阳+,0.26,0.26,0.01,0.29,0.44,阳+,0.37,0.4,0.02,0.05,0.53,阳+,0.15,0.36,0.02,0.26,0.36,阳+,0.28,0.4,0.02,0.12,0.46
hot-pot-base,火锅底料,火锅底料,正式目录,卷九,调味与甜味料部,复合调味,processed_food,R2,summary_frozen_R2,2026-09-24,jev-1.13.0,jev-tcm-reasoning-v0.4,jev-tcm-pilot-fixtures-v0.4,2026-09-25T08:05:19.367512+00:00,04ca76844fb513983936227bad3038e8913392644022c82e08e627bb1dd2df80,references/entries/hot-pot-base/mapping.md,qa/jev-entry-batches/29-seasonings/raw/hot-pot-base.json,平,0.74,0,0,0.79,0.08,0.13,0.07,0.08,0.07,0.42,0.45,0.05,0.06,0.09,0.05,0.05,阳+,0.43,0.2,0.01,0.22,0.57,阳-,0.13,0.31,0.01,0.33999999999999997,0.34,阴-,0.4,0.56,0.01,0.07,0.36,阴-,0.25,0.43,0.02,0.27,0.28,阴-,0.45,0.59,0.01,0.08,0.32
curry-cube,咖喱块,咖喱块,正式目录,卷九,调味与甜味料部,复合调味,processed_food,R2,summary_frozen_R2,2026-09-24,jev-1.13.0,jev-tcm-reasoning-v0.4,jev-tcm-pilot-fixtures-v0.4,2026-09-25T08:05:19.516940+00:00,90c7010fe94a5e27a4b9ebda241292ccdedbd81f511b244d63abd3b68cb7c031,references/entries/curry-cube/mapping.md,qa/jev-entry-batches/29-seasonings/raw/curry-cube.json,平,0.95,0,0,0.96,0.04,0,0.04,0.07,0.16,0.29,0.43,0.04,0.05,0.08,0.04,0.04,阳+,0.33,0.23,0.01,0.27,0.49,阴-,0.15,0.36,0.01,0.31,0.32,阳+,0.38,0.4,0.02,0.05,0.53,阴-,0.29,0.47000000000000003,0.02,0.22,0.29,阴-,0.36,0.51,0.02,0.11,0.36
soup-stock-concentrate,浓汤宝,浓汤宝,正式目录,卷九,调味与甜味料部,复合调味,processed_food,R2,summary_frozen_R2,2026-09-24,jev-1.13.0,jev-tcm-reasoning-v0.4,jev-tcm-pilot-fixtures-v0.4,2026-09-25T08:05:19.644526+00:00,e0663177f0ea4417acf3b083290b2e616e7a966af9b53768eae247b49b6a9a10,references/entries/soup-stock-concentrate/mapping.md,qa/jev-entry-batches/29-seasonings/raw/soup-stock-concentrate.json,平,0.99,0,0,1,0,0,0.04,0.04,0.12,0.08,0.51,0.04,0.05,0.08,0.04,0.05,阳+,0.29,0.29,0.03,0.21,0.47,阴-,0.26,0.45,0.01,0.32,0.22,阳+,0.38,0.41,0.03,0.03,0.53,阴-,0.36,0.53,0.05,0.15,0.27,阴-,0.54,0.66,0.03,0.06,0.25
chicken-seasoning,鸡精,鸡精,正式目录,卷九,调味与甜味料部,复合调味,processed_food,R2,summary_frozen_R2,2026-09-24,jev-1.13.0,jev-tcm-reasoning-v0.4,jev-tcm-pilot-fixtures-v0.4,2026-09-25T08:05:19.802289+00:00,f6feb1313f7317b7468de4c3436e62c6bad25834c9a82d66df842e7c6c0483af,references/entries/chicken-seasoning/mapping.md,qa/jev-entry-batches/29-seasonings/raw/chicken-seasoning.json,平,1,0,0,1,0,0,0.04,0.04,0.18,0.06,0.46,0.05,0.05,0.09,0.05,0.05,阳+,0.36,0.27,0.05,0.16,0.52,阴-,0.19,0.39,0.04,0.29,0.28,阳+,0.43,0.37,0.04,0.02,0.57,阴-,0.3,0.47,0.08,0.13,0.32,阴-,0.46,0.6,0.07,0.06,0.27
compound-seasoning,复合香辛料,复合香辛料,正式目录,卷九,调味与甜味料部,复合调味,processed_food,R2,summary_frozen_R2,2026-09-24,jev-1.13.0,jev-tcm-reasoning-v0.4,jev-tcm-pilot-fixtures-v0.4,2026-09-25T08:05:19.971505+00:00,09fc6979ec8909fc950663d47622d3a5d3fec3d92e720349d0d0f3bbadfbfe67,references/entries/compound-seasoning/mapping.md,qa/jev-entry-batches/29-seasonings/raw/compound-seasoning.json,平,0.98,0,0,0.98,0.02,0,0.04,0.05,0.16,0.32,0.32,0.04,0.05,0.07,0.04,0.05,阳+,0.19,0.23,0.02,0.37,0.38,阳-,0.21,0.38,0.01,0.41000000000000003,0.2,阴-,0.29,0.47,0.02,0.05,0.46,阴-,0.32,0.48,0.03,0.27,0.22,阴-,0.46,0.6,0.02,0.13,0.25
dipping-spice-mix,蘸料粉,蘸料粉,正式目录,卷九,调味与甜味料部,复合调味,processed_food,R2,summary_frozen_R2,2026-09-24,jev-1.13.0,jev-tcm-reasoning-v0.4,jev-tcm-pilot-fixtures-v0.4,2026-09-25T08:05:20.143954+00:00,3dbd0c1914408633285a3dfa6a94d4c13bb211f24b16a0f99326c92ead284171,references/entries/dipping-spice-mix/mapping.md,qa/jev-entry-batches/29-seasonings/raw/dipping-spice-mix.json,平,0.88,0,0,0.9,0.08,0.02,0.04,0.05,0.18,0.42,0.46,0.04,0.05,0.08,0.05,0.05,阳+,0.29,0.22,0.02,0.29,0.47,阳-,0.15,0.34,0.02,0.36,0.28,阳+,0.35,0.44,0.02,0.04,0.5,阴-,0.19,0.4,0.02,0.25,0.33,阴-,0.43,0.58,0.03,0.09,0.3
instant-noodle-seasoning,方便面调味包,方便面调味包,正式目录,卷九,调味与甜味料部,复合调味,processed_food,R2,summary_frozen_R2,2026-09-24,jev-1.13.0,jev-tcm-reasoning-v0.4,jev-tcm-pilot-fixtures-v0.4,2026-09-25T08:14:27.690581+00:00,962ba2e756efa965fd18e6252d216303804baec4c602d25696568df65d83060e,references/entries/instant-noodle-seasoning/mapping.md,qa/jev-entry-batches/30-seasonings-sweeteners/raw/instant-noodle-seasoning.json,平,0.99,0,0,0.99,0.01,0,0.04,0.04,0.12,0.19,0.38,0.04,0.04,0.07,0.04,0.06,阳-,0.19,0.31,0.02,0.39,0.28,阳-,0.3,0.41,0.01,0.48,0.1,阴-,0.4,0.54,0.02,0.06,0.38,阴-,0.36,0.52,0.04,0.31,0.13,阴-,0.62,0.72,0.02,0.12,0.14
maple-syrup,枫糖浆,枫糖浆,正式目录,卷九,调味与甜味料部,甜味与代糖,processed_food,R2,summary_frozen_R2,2026-09-24,jev-1.13.0,jev-tcm-reasoning-v0.4,jev-tcm-pilot-fixtures-v0.4,2026-09-25T08:14:28.081317+00:00,c410e78f8e11995d25f023520f201823cbdf972ff1002e2946a3c6113eb26ca7,references/entries/maple-syrup/mapping.md,qa/jev-entry-batches/30-seasonings-sweeteners/raw/maple-syrup.json,平,0.99,0,0,0.99,0.01,0,0.05,0.03,0.66,0.04,0.04,0.04,0.04,0.11,0.05,0.05,阴+,0.28,0.18,0.46,0.09,0.27,阴+,0.12,0.32,0.34,0.19,0.15,阴+,0.25,0.18,0.44,0.02,0.36,阴+,0.41,0.29,0.56,0.06,0.09,阴+,0.36,0.3,0.51,0.04,0.15
corn-syrup,玉米糖浆,玉米糖浆,正式目录,卷九,调味与甜味料部,甜味与代糖,ingredient,R2,summary_frozen_R2,2026-09-24,jev-1.13.0,jev-tcm-reasoning-v0.4,jev-tcm-pilot-fixtures-v0.4,2026-09-25T08:14:28.509230+00:00,e3343d11454e260f14c5bf61c418c9ed99e04b7c473a71165943ea530987a586,references/entries/corn-syrup/mapping.md,qa/jev-entry-batches/30-seasonings-sweeteners/raw/corn-syrup.json,平,1,0,0,1,0,0,0.04,0.03,0.48,0.04,0.04,0.04,0.04,0.08,0.04,0.04,阳+,0.16,0.22,0.25,0.16,0.37,阴-,0.18,0.39,0.15,0.23,0.23,阳+,0.22,0.26,0.3,0.03,0.41,阴-,0.21,0.41,0.34,0.11,0.14,阴-,0.25,0.44,0.25,0.07,0.24
fructose-glucose-syrup,果葡糖浆,果葡糖浆,正式目录,卷九,调味与甜味料部,甜味与代糖,ingredient,R2,summary_frozen_R2,2026-09-24,jev-1.13.0,jev-tcm-reasoning-v0.4,jev-tcm-pilot-fixtures-v0.4,2026-09-25T08:14:28.943232+00:00,0d15092e40bd3f8420a02b5391fbe44b5202bdcd99216518b0af967f64701f40,references/entries/fructose-glucose-syrup/mapping.md,qa/jev-entry-batches/30-seasonings-sweeteners/raw/fructose-glucose-syrup.json,平,0.99,0,0,1,0,0,0.04,0.03,0.48,0.04,0.04,0.04,0.04,0.09,0.04,0.04,阴+,0.09,0.23,0.31,0.15,0.31,阴-,0.2,0.4,0.16,0.27,0.17,阴+,0.17,0.31,0.38,0.02,0.29,阴-,0.21,0.41,0.35,0.12,0.12,阴-,0.3,0.47,0.32,0.08,0.13
erythritol,赤藓糖醇,赤藓糖醇,正式目录,卷九,调味与甜味料部,甜味与代糖,ingredient,R2,summary_frozen_R2,2026-09-24,jev-1.13.0,jev-tcm-reasoning-v0.4,jev-tcm-pilot-fixtures-v0.4,2026-09-25T08:14:29.346552+00:00,1cecada470a4d63d5ad961d1efe32e7e5b678ca39c930fd82d71d859d5a28d6f,references/entries/erythritol/mapping.md,qa/jev-entry-batches/30-seasonings-sweeteners/raw/erythritol.json,平,0.97,0.01,0.01,0.98,0,0,0.05,0.04,0.48,0.05,0.06,0.04,0.05,0.29,0.06,0.05,阳-,0.17,0.37,0.12,0.37,0.14,阴-,0.36,0.52,0.04,0.39,0.05,阴-,0.8,0.85,0.05,0.02,0.08,阴-,0.47,0.6,0.11,0.22,0.07,阴-,0.73,0.8,0.06,0.09,0.05
xylitol,木糖醇,木糖醇,正式目录,卷九,调味与甜味料部,甜味与代糖,ingredient,R2,summary_frozen_R2,2026-09-24,jev-1.13.0,jev-tcm-reasoning-v0.4,jev-tcm-pilot-fixtures-v0.4,2026-09-25T08:14:29.770455+00:00,3286714b2c1704c0bc712055ea58bf8dcb40e68306f12c9b47ca256b399da879,references/entries/xylitol/mapping.md,qa/jev-entry-batches/30-seasonings-sweeteners/raw/xylitol.json,平,0.97,0.01,0.01,0.98,0,0,0.05,0.04,0.55,0.05,0.05,0.04,0.05,0.29,0.05,0.05,阳-,0.17,0.32,0.11,0.39,0.18,阴-,0.33,0.5,0.05,0.37,0.08,阴-,0.71,0.78,0.08,0.03,0.11,阴-,0.39,0.54,0.18,0.22,0.06,阴-,0.58,0.6900000000000001,0.11,0.11,0.09
steviol-glycosides,甜菊糖苷,甜菊糖苷,正式目录,卷九,调味与甜味料部,甜味与代糖,ingredient,R2,summary_frozen_R2,2026-09-24,jev-1.13.0,jev-tcm-reasoning-v0.4,jev-tcm-pilot-fixtures-v0.4,2026-09-25T08:14:30.243843+00:00,87e50a7ebe8efd7de78aaabb7e6255f996c008aa25303130147fbb143025a63e,references/entries/steviol-glycosides/mapping.md,qa/jev-entry-batches/30-seasonings-sweeteners/raw/steviol-glycosides.json,平,1,0,0,1,0,0,0.04,0.04,0.46,0.04,0.04,0.04,0.04,0.06,0.04,0.05,阳-,0.2,0.23,0.22,0.4,0.15,阳-,0.32,0.38,0.05,0.49,0.08,阴-,0.19,0.39,0.23,0.05,0.33,阴-,0.16,0.37,0.26,0.3,0.07,阴-,0.35,0.51,0.18,0.19,0.12
allulose,阿洛酮糖,阿洛酮糖,正式目录,卷九,调味与甜味料部,甜味与代糖,ingredient,R2,summary_frozen_R2,2026-09-24,jev-1.13.0,jev-tcm-reasoning-v0.4,jev-tcm-pilot-fixtures-v0.4,2026-09-25T08:14:30.636049+00:00,da8af65b91b575751adedc3fbfe752ad2aa9b586e7871cf7a48b84287c0d3c1e,references/entries/allulose/mapping.md,qa/jev-entry-batches/30-seasonings-sweeteners/raw/allulose.json,平,0.99,0,0,1,0,0,0.04,0.04,0.34,0.04,0.04,0.04,0.04,0.13,0.04,0.05,阳-,0.29,0.27,0.09,0.47,0.17,阴-,0.26,0.45,0.05,0.43,0.07,阴-,0.56,0.66,0.07,0.07,0.2,阴-,0.24,0.43,0.19,0.28,0.1,阴-,0.44,0.58,0.1,0.23,0.09
sucralose,三氯蔗糖食品,三氯蔗糖食品,正式目录,卷九,调味与甜味料部,甜味与代糖,ingredient,R2,summary_frozen_R2,2026-09-24,jev-1.13.0,jev-tcm-reasoning-v0.4,jev-tcm-pilot-fixtures-v0.4,2026-09-25T08:14:31.050271+00:00,105c318ff6d22c3e237239d5a11369e4e5abd29a7904b1d5063f338295cc0f5f,references/entries/sucralose/mapping.md,qa/jev-entry-batches/30-seasonings-sweeteners/raw/sucralose.json,平,1,0,0,1,0,0,0.04,0.04,0.43,0.04,0.04,0.04,0.04,0.07,0.04,0.04,阳-,0.27,0.24,0.12,0.45,0.19,阳-,0.37,0.36,0.04,0.53,0.07,阴-,0.27,0.46,0.15,0.12,0.27,阴-,0.22,0.42,0.16,0.33,0.09,阴-,0.39,0.54,0.13,0.21,0.12
whey-protein-powder,乳清蛋白粉,乳清蛋白粉,正式目录,卷十,营养补充与机能食品部,蛋白与代餐,supplement,R1,summary_frozen_R1,2026-09-24,jev-1.13.0,jev-tcm-reasoning-v0.4,jev-tcm-pilot-fixtures-v0.4,2026-09-24T07:09:11.665143+00:00,9f266b759ae61dc051006086364c896912bbb90fafb5ad331ee3fde7cf12cafd,references/entries/whey-protein-powder/mapping.md,qa/jev-ten-batch/raw/whey-protein-powder.json,平,1,0,0,1,0,0,0.06,0.05,0.27,0.05,0.06,0.05,0.05,0.15,0.06,0.08,阳+,0.31,0.09,0.36,0.06,0.49,阳+,0.18,0.23,0.28,0.1,0.39,阳+,0.65,0.06,0.19,0.01,0.74,阴+,0.45,0.16,0.59,0.04,0.21,阴+,0.47,0.11,0.6,0.02,0.27
casein-protein-powder,酪蛋白粉,酪蛋白粉,正式目录,卷十,营养补充与机能食品部,蛋白与代餐,ingredient,R2,summary_frozen_R2,2026-09-24,jev-1.13.0,jev-tcm-reasoning-v0.4,jev-tcm-pilot-fixtures-v0.4,2026-09-25T08:22:37.053444+00:00,35b6d169693e6738bfc398662dbeb765ad8fb68109c73ab2bf1c3f6cee2686d1,references/entries/casein-protein-powder/mapping.md,qa/jev-entry-batches/31-nutrition-supplements/raw/casein-protein-powder.json,平,1,0,0,1,0,0,0.07,0.04,0.27,0.05,0.07,0.05,0.05,0.17,0.05,0.09,阴+,0.24,0.1,0.43,0.07,0.4,阴+,0.1,0.27,0.33,0.12,0.28,阳+,0.59,0.07,0.23,0.01,0.69,阴+,0.45,0.21,0.59,0.04,0.16,阴+,0.53,0.19,0.65,0.03,0.13
plant-protein-powder,植物蛋白粉,植物蛋白粉,正式目录,卷十,营养补充与机能食品部,蛋白与代餐,ingredient,R2,summary_frozen_R2,2026-09-24,jev-1.13.0,jev-tcm-reasoning-v0.4,jev-tcm-pilot-fixtures-v0.4,2026-09-25T08:22:37.297423+00:00,d87bad1f144fc4d3a79cc88f46cb2d27dcb62ec0219176fcf0424b40de99d06b,references/entries/plant-protein-powder/mapping.md,qa/jev-entry-batches/31-nutrition-supplements/raw/plant-protein-powder.json,平,1,0,0,1,0,0,0.05,0.05,0.22,0.05,0.06,0.05,0.05,0.17,0.06,0.07,阳+,0.3,0.12,0.32,0.08,0.48,阴-,0.12,0.34,0.24,0.16,0.26,阳+,0.78,0.07,0.09,0,0.84,阴+,0.2,0.26,0.41000000000000003,0.04,0.29,阴+,0.38,0.29,0.53,0.03,0.15
protein-shake,蛋白奶昔,蛋白奶昔,正式目录,卷十,营养补充与机能食品部,蛋白与代餐,composite_food,R2,summary_frozen_R2,2026-09-24,jev-1.13.0,jev-tcm-reasoning-v0.4,jev-tcm-pilot-fixtures-v0.4,2026-09-25T08:22:37.531591+00:00,34e5358be44c8ceb2a331dd4ed210d28f9454536b266c792f31ee4fce918319e,references/entries/protein-shake/mapping.md,qa/jev-entry-batches/31-nutrition-supplements/raw/protein-shake.json,平,1,0,0,1,0,0,0.04,0.04,0.24,0.04,0.05,0.05,0.04,0.14,0.05,0.08,阳+,0.36,0.11,0.28,0.09,0.52,阳+,0.11,0.32,0.15,0.2,0.33,阳+,0.76,0.08,0.09,0.01,0.82,阴+,0.22,0.28,0.41,0.08,0.23,阴+,0.25,0.26,0.44,0.03,0.27
meal-replacement-shake,代餐奶昔,代餐奶昔,正式目录,卷十,营养补充与机能食品部,蛋白与代餐,processed_food,R2,summary_frozen_R2,2026-09-24,jev-1.13.0,jev-tcm-reasoning-v0.4,jev-tcm-pilot-fixtures-v0.4,2026-09-25T08:22:37.799763+00:00,f641600258aa9d626956ea2b54bbdb2fc243d8f3a7bbf4457824fb67a4865e75,references/entries/meal-replacement-shake/mapping.md,qa/jev-entry-batches/31-nutrition-supplements/raw/meal-replacement-shake.json,平,1,0,0,1,0,0,0.05,0.04,0.16,0.04,0.04,0.04,0.04,0.12,0.04,0.05,阴-,0.06,0.3,0.13,0.27,0.3,阴-,0.34,0.51,0.04,0.3,0.15,阳+,0.34,0.43,0.04,0.02,0.51,阴-,0.23,0.42,0.28,0.15,0.15,阴-,0.51,0.63,0.14,0.07,0.16
meal-replacement-bar,代餐棒,代餐棒,正式目录,卷十,营养补充与机能食品部,蛋白与代餐,processed_food,R2,summary_frozen_R2,2026-09-24,jev-1.13.0,jev-tcm-reasoning-v0.4,jev-tcm-pilot-fixtures-v0.4,2026-09-25T08:22:38.052751+00:00,9368563215d4353bedd5773a9b1c2c882ba5ae5c48d0dd9794a666e45bad6b5d,references/entries/meal-replacement-bar/mapping.md,qa/jev-entry-batches/31-nutrition-supplements/raw/meal-replacement-bar.json,平,1,0,0,1,0,0,0.04,0.04,0.14,0.04,0.04,0.04,0.04,0.12,0.04,0.04,阳+,0.14,0.24,0.06,0.35,0.35,阳-,0.25,0.39,0.03,0.43,0.15,阳+,0.48,0.33,0.04,0.02,0.61,阴-,0.26,0.45,0.18,0.18,0.19,阴-,0.42,0.57,0.1,0.12,0.21
high-protein-pudding,高蛋白布丁,高蛋白布丁,正式目录,卷十,营养补充与机能食品部,蛋白与代餐,composite_food,R2,summary_frozen_R2,2026-09-24,jev-1.13.0,jev-tcm-reasoning-v0.4,jev-tcm-pilot-fixtures-v0.4,2026-09-25T08:22:38.333488+00:00,7f5f5b3d500cb5e663022259c96b4d7700b088c4533ae7641754e9a8a850c87d,references/entries/high-protein-pudding/mapping.md,qa/jev-entry-batches/31-nutrition-supplements/raw/high-protein-pudding.json,平,1,0,0,1,0,0,0.04,0.03,0.22,0.04,0.05,0.04,0.04,0.08,0.04,0.05,阳+,0.28,0.15,0.27,0.12,0.46,阴-,0.14,0.36,0.11,0.3,0.23,阳+,0.6,0.14,0.15,0.02,0.69,阴+,0.15,0.36,0.37,0.09,0.18,阴+,0.36,0.26,0.52,0.04,0.18
high-protein-ice-cream,高蛋白冰淇淋,高蛋白冰淇淋,正式目录,卷十,营养补充与机能食品部,蛋白与代餐,composite_food,R2,summary_frozen_R2,2026-09-24,jev-1.13.0,jev-tcm-reasoning-v0.4,jev-tcm-pilot-fixtures-v0.4,2026-09-25T08:22:38.600067+00:00,135402f209f7d7e4650f9a3b028585af9eae93c29dcc11a4517b98b50f549b77,references/entries/high-protein-ice-cream/mapping.md,qa/jev-entry-batches/31-nutrition-supplements/raw/high-protein-ice-cream.json,平,0.92,0.05,0.01,0.94,0,0,0.04,0.04,0.26,0.04,0.05,0.04,0.04,0.1,0.04,0.05,阳+,0.22,0.16,0.32,0.11,0.41,阴-,0.21,0.41,0.13,0.27,0.19,阳+,0.54,0.2,0.13,0.01,0.66,阴+,0.25,0.3,0.45,0.09,0.16,阴+,0.45,0.23,0.58,0.04,0.15
dietary-fiber-powder,膳食纤维粉,膳食纤维粉,正式目录,卷十,营养补充与机能食品部,纤维与益生相关,ingredient,R2,summary_frozen_R2,2026-09-24,jev-1.13.0,jev-tcm-reasoning-v0.4,jev-tcm-pilot-fixtures-v0.4,2026-09-25T08:22:38.832051+00:00,eb79978afa54de470fad68ddd79467e13f6870bdd86a5b287de106f1c89ba8a6,references/entries/dietary-fiber-powder/mapping.md,qa/jev-entry-batches/31-nutrition-supplements/raw/dietary-fiber-powder.json,平,0.99,0,0.01,0.99,0,0,0.07,0.06,0.17,0.06,0.12,0.04,0.05,0.3,0.18,0.07,阴-,0.3,0.47,0.1,0.27,0.16,阴-,0.54,0.65,0.07,0.22,0.06,阴-,0.76,0.82,0.04,0,0.14,阴-,0.6,0.7,0.22,0.03,0.05,阴-,0.62,0.72,0.22,0.02,0.04
inulin-food,菊粉食品,菊粉食品,正式目录,卷十,营养补充与机能食品部,纤维与益生相关,processed_food,R2,summary_frozen_R2,2026-09-24,jev-1.13.0,jev-tcm-reasoning-v0.4,jev-tcm-pilot-fixtures-v0.4,2026-09-25T08:22:39.089748+00:00,4bc969961b6224983ff5f17d428ff3b85eec9b337434008d51398e2d6b7221b3,references/entries/inulin-food/mapping.md,qa/jev-entry-batches/31-nutrition-supplements/raw/inulin-food.json,平,0.99,0,0.01,0.99,0,0,0.08,0.06,0.24,0.06,0.12,0.04,0.06,0.39,0.21,0.07,阴-,0.29,0.45999999999999996,0.14,0.22,0.18,阴-,0.48,0.6,0.07,0.25,0.08,阴-,0.6,0.7,0.06,0,0.24,阴-,0.68,0.76,0.13,0.05,0.06,阴-,0.65,0.74,0.17,0.03,0.06
resistant-dextrin-drink,抗性糊精饮料,抗性糊精饮料,正式目录,卷十,营养补充与机能食品部,纤维与益生相关,processed_food,R2,summary_frozen_R2,2026-09-24,jev-1.13.0,jev-tcm-reasoning-v0.4,jev-tcm-pilot-fixtures-v0.4,2026-09-25T08:22:39.352053+00:00,92d3147443271a6e9ff64e11d09f9fc9b89cb0b4f9e39a2dde19b835b0f91349,references/entries/resistant-dextrin-drink/mapping.md,qa/jev-entry-batches/31-nutrition-supplements/raw/resistant-dextrin-drink.json,平,1,0,0,1,0,0,0.06,0.05,0.17,0.05,0.04,0.04,0.04,0.2,0.06,0.05,阴-,0.22,0.42,0.09,0.27,0.22,阴-,0.53,0.65,0.04,0.21,0.1,阴-,0.6,0.7,0.06,0,0.24,阴-,0.41,0.56,0.23,0.11,0.1,阴-,0.67,0.75,0.13,0.04,0.08
probiotic-beverage,益生菌饮料,益生菌饮料,正式目录,卷十,营养补充与机能食品部,纤维与益生相关,beverage,R2,summary_frozen_R2,2026-09-24,jev-1.13.0,jev-tcm-reasoning-v0.4,jev-tcm-pilot-fixtures-v0.4,2026-09-25T08:34:03.200249+00:00,70cb348bbfe628bbf8723d92961232dba3a082b3534e1f50508dae986e75711a,references/entries/probiotic-beverage/mapping.md,qa/jev-entry-batches/32-microbiome-sports-nutrition/raw/probiotic-beverage.json,平,1,0,0,1,0,0,0.09,0.04,0.12,0.05,0.04,0.04,0.04,0.1,0.04,0.05,阳-,0.15,0.29,0.08,0.36,0.27,阴-,0.3,0.47,0.04,0.38,0.11,阳+,0.38,0.41,0.03,0.02,0.54,阴-,0.26,0.44,0.16,0.26,0.14,阴-,0.39,0.54,0.21,0.11,0.14
prebiotic-food,益生元食品,益生元食品,正式目录,卷十,营养补充与机能食品部,纤维与益生相关,processed_food,R2,summary_frozen_R2,2026-09-24,jev-1.13.0,jev-tcm-reasoning-v0.4,jev-tcm-pilot-fixtures-v0.4,2026-09-25T08:34:03.396008+00:00,d5e6814a6f776675ecf7395b82118b2d9719f4f36f5ea74ba662eb1972e7b051,references/entries/prebiotic-food/mapping.md,qa/jev-entry-batches/32-microbiome-sports-nutrition/raw/prebiotic-food.json,平,1,0,0,1,0,0,0.06,0.05,0.16,0.05,0.05,0.04,0.05,0.24,0.06,0.05,阳-,0.16,0.35,0.07,0.37,0.21,阴-,0.36,0.52,0.03,0.35,0.1,阴-,0.45,0.59,0.04,0.01,0.36,阴-,0.42,0.56,0.15,0.2,0.09,阴-,0.59,0.7,0.12,0.08,0.1
synbiotic-food,合生元食品,合生元食品,正式目录,卷十,营养补充与机能食品部,纤维与益生相关,processed_food,R2,summary_frozen_R2,2026-09-24,jev-1.13.0,jev-tcm-reasoning-v0.4,jev-tcm-pilot-fixtures-v0.4,2026-09-25T08:34:03.576576+00:00,2f1f533b3741bd67eff4728927b47feebca3a94d214b1ad9bbcc1f97c8d8d56c,references/entries/synbiotic-food/mapping.md,qa/jev-entry-batches/32-microbiome-sports-nutrition/raw/synbiotic-food.json,平,1,0,0,1,0,0,0.07,0.05,0.1,0.05,0.05,0.04,0.05,0.14,0.05,0.05,阳-,0.25,0.25,0.08,0.43,0.24,阴-,0.26,0.45,0.03,0.39,0.13,阳+,0.34,0.45,0.03,0.01,0.51,阴-,0.23,0.43,0.16,0.28,0.13,阴-,0.41,0.56,0.15,0.09,0.2
energy-gel,能量胶,能量胶,正式目录,卷十,营养补充与机能食品部,运动营养,processed_food,R2,summary_frozen_R2,2026-09-24,jev-1.13.0,jev-tcm-reasoning-v0.4,jev-tcm-pilot-fixtures-v0.4,2026-09-25T08:34:03.731044+00:00,1182248293f85adf3f23f9f170fb7959925d1ed3f732a68acedce1fc3405002c,references/entries/energy-gel/mapping.md,qa/jev-entry-batches/32-microbiome-sports-nutrition/raw/energy-gel.json,平,0.99,0,0,0.99,0.01,0,0.04,0.04,0.54,0.06,0.08,0.06,0.04,0.16,0.04,0.05,阳+,0.67,0.06,0.04,0.15,0.75,阳+,0.16,0.31,0.03,0.3,0.36,阳+,0.67,0.19,0.05,0.01,0.75,阳+,0.15,0.31,0.21,0.12,0.36,阴-,0.22,0.41,0.11,0.08,0.4
sports-energy-bar,能量棒,能量棒,正式目录,卷十,营养补充与机能食品部,运动营养,processed_food,R2,summary_frozen_R2,2026-09-24,jev-1.13.0,jev-tcm-reasoning-v0.4,jev-tcm-pilot-fixtures-v0.4,2026-09-25T08:34:03.916283+00:00,a9f6523243c064b4a0ecaf40cc5c59980699ee8f619ec85bfdf7d9565b978139,references/entries/sports-energy-bar/mapping.md,qa/jev-entry-batches/32-microbiome-sports-nutrition/raw/sports-energy-bar.json,平,1,0,0,1,0,0,0.05,0.04,0.21,0.04,0.04,0.04,0.04,0.11,0.04,0.04,阳+,0.35,0.19,0.04,0.26,0.51,阳-,0.21,0.35,0.02,0.41,0.22,阳+,0.39,0.38,0.03,0.05,0.54,阴-,0.25,0.44,0.1,0.23,0.23,阴-,0.22,0.41,0.08,0.16,0.35
sports-gummy,运动软糖,运动软糖,正式目录,卷十,营养补充与机能食品部,运动营养,processed_food,R2,summary_frozen_R2,2026-09-24,jev-1.13.0,jev-tcm-reasoning-v0.4,jev-tcm-pilot-fixtures-v0.4,2026-09-25T08:34:04.102725+00:00,b65b16969e2a667298f0cd8cd5128dcf9861d9d23934c0d63999dc685a306998,references/entries/sports-gummy/mapping.md,qa/jev-entry-batches/32-microbiome-sports-nutrition/raw/sports-gummy.json,平,1,0,0,1,0,0,0.04,0.04,0.52,0.05,0.08,0.05,0.04,0.13,0.04,0.04,阳+,0.42,0.17,0.06,0.2,0.57,阴-,0.12,0.34,0.03,0.32,0.31,阳+,0.48,0.29,0.07,0.02,0.62,阴-,0.22,0.41,0.2,0.13,0.26,阴-,0.26,0.44,0.15,0.1,0.31
creatine-drink,肌酸饮品,肌酸饮品,正式目录,卷十,营养补充与机能食品部,运动营养,beverage,R2,summary_frozen_R2,2026-09-24,jev-1.13.0,jev-tcm-reasoning-v0.4,jev-tcm-pilot-fixtures-v0.4,2026-09-25T08:34:04.278986+00:00,354bb898c9585ffca0fdf3a638b7b9ea17b277ad56a9795f98c57d6160e93233,references/entries/creatine-drink/mapping.md,qa/jev-entry-batches/32-microbiome-sports-nutrition/raw/creatine-drink.json,平,1,0,0,1,0,0,0.05,0.04,0.12,0.05,0.07,0.05,0.05,0.06,0.04,0.08,阳+,0.45,0.12,0.06,0.24,0.58,阳+,0.18,0.27,0.03,0.32,0.38,阳+,0.57,0.24,0.04,0.04,0.68,阴-,0.18,0.39,0.13,0.23,0.25,阳+,0.25,0.36,0.13,0.07,0.44
electrolyte-tablet-drink,电解质片饮料,电解质片饮料,正式目录,卷十,营养补充与机能食品部,运动营养,beverage,R2,summary_frozen_R2,2026-09-24,jev-1.13.0,jev-tcm-reasoning-v0.4,jev-tcm-pilot-fixtures-v0.4,2026-09-25T08:34:04.458007+00:00,32d1ed10efc4d590a9819625c061954a7c42deb2498aa41f724e392fdd2cf563,references/entries/electrolyte-tablet-drink/mapping.md,qa/jev-entry-batches/32-microbiome-sports-nutrition/raw/electrolyte-tablet-drink.json,平,1,0,0,1,0,0,0.05,0.04,0.17,0.06,0.31,0.07,0.04,0.08,0.05,0.12,阴+,0.13,0.27,0.35,0.18,0.2,阴-,0.35,0.52,0.08,0.31,0.09,阴-,0.26,0.45,0.27,0.02,0.26,阴+,0.39,0.32,0.54,0.09,0.05,阴-,0.38,0.54,0.39,0.02,0.05
bcaa-drink,支链氨基酸饮料,支链氨基酸饮料,正式目录,卷十,营养补充与机能食品部,运动营养,beverage,R2,summary_frozen_R2,2026-09-24,jev-1.13.0,jev-tcm-reasoning-v0.4,jev-tcm-pilot-fixtures-v0.4,2026-09-25T08:34:04.672736+00:00,f232f9f803945908d3609f23305932d9b2334c750891db8309eee1e08b888768,references/entries/bcaa-drink/mapping.md,qa/jev-entry-batches/32-microbiome-sports-nutrition/raw/bcaa-drink.json,平,1,0,0,1,0,0,0.05,0.05,0.16,0.05,0.06,0.04,0.06,0.08,0.04,0.07,阳+,0.25,0.19,0.11,0.27,0.43,阳+,0.12,0.32,0.08,0.27,0.33,阳+,0.5,0.23,0.1,0.04,0.63,阴-,0.14,0.36,0.15,0.32,0.17,阴-,0.21,0.41000000000000003,0.21,0.15,0.23
collagen-drink,胶原蛋白饮,胶原蛋白饮,正式目录,卷十,营养补充与机能食品部,美容与功能概念食品,beverage,R2,summary_frozen_R2,2026-09-24,jev-1.13.0,jev-tcm-reasoning-v0.4,jev-tcm-pilot-fixtures-v0.4,2026-09-25T08:34:04.854591+00:00,d50ba250068c81ac42ea331253bfe409959c797db57047b0a53e65ec7de28144,references/entries/collagen-drink/mapping.md,qa/jev-entry-batches/32-microbiome-sports-nutrition/raw/collagen-drink.json,平,1,0,0,1,0,0,0.06,0.04,0.26,0.05,0.05,0.05,0.05,0.11,0.07,0.09,阴+,0.47,0.15,0.6,0.1,0.15,阴+,0.48,0.19,0.61,0.13,0.07,阴+,0.35,0.11,0.52,0.02,0.35,阴+,0.73,0.14,0.8,0.03,0.03,阴+,0.81,0.09,0.86,0.02,0.03
hyaluronic-acid-food,玻尿酸食品,玻尿酸食品,正式目录,卷十,营养补充与机能食品部,美容与功能概念食品,supplement,R2,summary_frozen_R2,2026-09-24,jev-1.13.0,jev-tcm-reasoning-v0.4,jev-tcm-pilot-fixtures-v0.4,2026-09-25T08:48:12.849883+00:00,5559640acc6b367cd82d20b6a2d1977a00e530469361722aefde6c4b3f2a0abd,references/entries/hyaluronic-acid-food/mapping.md,qa/jev-entry-batches/33-beauty-and-plant-foods/raw/hyaluronic-acid-food.json,平,1,0,0,1,0,0,0.07,0.04,0.13,0.05,0.07,0.04,0.05,0.06,0.07,0.07,阴+,0.71,0.1,0.78,0.08,0.04,阴+,0.51,0.24,0.63,0.1,0.03,阴+,0.66,0.15,0.75,0.02,0.08,阴+,0.89,0.06,0.91,0.02,0.01,阴+,0.87,0.08,0.9,0.01,0.01
gaba-food,GABA食品,GABA食品,正式目录,卷十,营养补充与机能食品部,美容与功能概念食品,processed_food,R2,summary_frozen_R2,2026-09-24,jev-1.13.0,jev-tcm-reasoning-v0.4,jev-tcm-pilot-fixtures-v0.4,2026-09-25T08:48:12.977962+00:00,0453f298891a2d68208ca4ca4b37db88d74234008d1faca4f72a0dd0bba126d4,references/entries/gaba-food/mapping.md,qa/jev-entry-batches/33-beauty-and-plant-foods/raw/gaba-food.json,平,1,0,0,1,0,0,0.06,0.05,0.09,0.05,0.05,0.13,0.06,0.05,0.05,0.05,阳-,0.72,0.07,0.09,0.79,0.05,阳-,0.72,0.16,0.03,0.78,0.03,阳+,0.19,0.38,0.08,0.15,0.39,阳-,0.41,0.26,0.12,0.56,0.06,阳-,0.18,0.36,0.16,0.38,0.1
melatonin-gummy,褪黑素软糖,褪黑素软糖,正式目录,卷十,营养补充与机能食品部,美容与功能概念食品,supplement,R2,summary_frozen_R2,2026-09-24,jev-1.13.0,jev-tcm-reasoning-v0.4,jev-tcm-pilot-fixtures-v0.4,2026-09-25T08:48:13.133236+00:00,b0e549cc8f17277725e274f7959367444a3c24480cc817cded108ea17899039b,references/entries/melatonin-gummy/mapping.md,qa/jev-entry-batches/33-beauty-and-plant-foods/raw/melatonin-gummy.json,平,1,0,0,1,0,0,0.05,0.04,0.11,0.04,0.04,0.1,0.05,0.04,0.04,0.06,阳-,0.4,0.11,0.24,0.55,0.1,阳-,0.46,0.26,0.09,0.6,0.05,阴-,0.14,0.36,0.09,0.2,0.35,阳-,0.29,0.28,0.19,0.47,0.06,阴+,0.19,0.25,0.4,0.22,0.13
vitamin-gummy,维生素软糖,维生素软糖,正式目录,卷十,营养补充与机能食品部,美容与功能概念食品,supplement,R2,summary_frozen_R2,2026-09-24,jev-1.13.0,jev-tcm-reasoning-v0.4,jev-tcm-pilot-fixtures-v0.4,2026-09-25T08:48:13.265826+00:00,10a6df400a1ed2c82803589e75ee441eca0b390089574f4e35e663651deeb90d,references/entries/vitamin-gummy/mapping.md,qa/jev-entry-batches/33-beauty-and-plant-foods/raw/vitamin-gummy.json,平,1,0,0,1,0,0,0.05,0.04,0.22,0.04,0.04,0.04,0.04,0.06,0.04,0.04,阳+,0.07,0.17,0.24,0.29,0.3,阴-,0.2,0.39,0.17,0.34,0.1,阳+,0.35,0.26,0.18,0.04,0.52,阴+,0.21,0.31,0.41000000000000003,0.2,0.08,阴+,0.22,0.38,0.41,0.07,0.14
lutein-gummy,叶黄素软糖,叶黄素软糖,正式目录,卷十,营养补充与机能食品部,美容与功能概念食品,supplement,R2,summary_frozen_R2,2026-09-24,jev-1.13.0,jev-tcm-reasoning-v0.4,jev-tcm-pilot-fixtures-v0.4,2026-09-25T08:48:13.433490+00:00,ea0b12336b1a2eb637e718589faea2c50be13b84882f004abf754a5b87bdcbde,references/entries/lutein-gummy/mapping.md,qa/jev-entry-batches/33-beauty-and-plant-foods/raw/lutein-gummy.json,平,1,0,0,1,0,0,0.05,0.05,0.19,0.05,0.05,0.05,0.21,0.06,0.06,0.08,阳-,0.14,0.26,0.26,0.36,0.12,阴+,0.3,0.18,0.48,0.32,0.02,阳+,0.17,0.32,0.25,0.05,0.38,阴+,0.23,0.25,0.43,0.28,0.04,阴+,0.43,0.28,0.57,0.11,0.04
plant-based-meat,植物肉,植物肉,正式目录,卷十一,替代与新技术食品部,植物替代,processed_food,R2,summary_frozen_R2,2026-09-24,jev-1.13.0,jev-tcm-reasoning-v0.4,jev-tcm-pilot-fixtures-v0.4,2026-09-25T08:48:13.590131+00:00,57b5cc867b00c64bddb2f9d3173373425943902b8379ab449646641824bbe0e2,references/entries/plant-based-meat/mapping.md,qa/jev-entry-batches/33-beauty-and-plant-foods/raw/plant-based-meat.json,平,1,0,0,1,0,0,0.04,0.04,0.09,0.05,0.08,0.05,0.05,0.07,0.04,0.04,阳-,0.41,0.24,0.05,0.55,0.16,阳-,0.38,0.38,0.03,0.53,0.06,阳+,0.36,0.38,0.06,0.05,0.51,阴-,0.23,0.41,0.15,0.35,0.09,阴-,0.44,0.58,0.11,0.19,0.12
plant-based-chicken-nuggets,植物鸡块,植物鸡块,正式目录,卷十一,替代与新技术食品部,植物替代,processed_food,R2,summary_frozen_R2,2026-09-24,jev-1.13.0,jev-tcm-reasoning-v0.4,jev-tcm-pilot-fixtures-v0.4,2026-09-25T08:48:13.718584+00:00,db8f6b62d14efd26ad92dfd1546cecad3f679c0123fdefaee8cae57ac7a155e9,references/entries/plant-based-chicken-nuggets/mapping.md,qa/jev-entry-batches/33-beauty-and-plant-foods/raw/plant-based-chicken-nuggets.json,平,1,0,0,1,0,0,0.04,0.04,0.08,0.05,0.06,0.03,0.04,0.06,0.04,0.03,阳-,0.2,0.27,0.04,0.4,0.29,阳-,0.29,0.41,0.02,0.47,0.1,阳+,0.38,0.39,0.03,0.04,0.54,阴-,0.28,0.46,0.1,0.32,0.12,阴-,0.44,0.58,0.1,0.15,0.17
plant-based-sausage,植物香肠,植物香肠,正式目录,卷十一,替代与新技术食品部,植物替代,processed_food,R2,summary_frozen_R2,2026-09-24,jev-1.13.0,jev-tcm-reasoning-v0.4,jev-tcm-pilot-fixtures-v0.4,2026-09-25T08:48:13.873948+00:00,e8674e28d20ec5899445c5f4930d4096273e4b99ae6ed1c3ecaad748a668e8ce,references/entries/plant-based-sausage/mapping.md,qa/jev-entry-batches/33-beauty-and-plant-foods/raw/plant-based-sausage.json,平,1,0,0,1,0,0,0.04,0.04,0.08,0.06,0.1,0.04,0.04,0.06,0.04,0.04,阳-,0.22,0.3,0.03,0.42,0.25,阳-,0.3,0.41,0.03,0.48,0.08,阳+,0.29,0.44,0.03,0.06,0.47,阴-,0.31,0.49,0.08,0.31,0.12,阴-,0.48,0.6,0.07,0.17,0.16
plant-based-egg,植物蛋,植物蛋,正式目录,卷十一,替代与新技术食品部,植物替代,processed_food,R2,summary_frozen_R2,2026-09-24,jev-1.13.0,jev-tcm-reasoning-v0.4,jev-tcm-pilot-fixtures-v0.4,2026-09-25T08:48:14.015647+00:00,dc4679146cd13ebee95595f1b57f7ee6dbf42069d766cdf57dbf0d8cf3d48ead,references/entries/plant-based-egg/mapping.md,qa/jev-entry-batches/33-beauty-and-plant-foods/raw/plant-based-egg.json,平,1,0,0,1,0,0,0.04,0.04,0.08,0.04,0.05,0.04,0.04,0.06,0.04,0.04,阳-,0.08,0.27,0.12,0.31,0.3,阴-,0.27,0.45,0.07,0.37,0.11,阳+,0.44,0.3,0.08,0.04,0.58,阴-,0.2,0.41000000000000003,0.21,0.25,0.13,阴-,0.32,0.48,0.26,0.12,0.14
plant-based-cheese,植物奶酪,植物奶酪,正式目录,卷十一,替代与新技术食品部,植物替代,processed_food,R2,summary_frozen_R2,2026-09-24,jev-1.13.0,jev-tcm-reasoning-v0.4,jev-tcm-pilot-fixtures-v0.4,2026-09-25T08:48:14.141831+00:00,8976c72677671637392b14c5ec0c5777ad3b2632a1fdf93956eb63ac3188b694,references/entries/plant-based-cheese/mapping.md,qa/jev-entry-batches/33-beauty-and-plant-foods/raw/plant-based-cheese.json,平,1,0,0,1,0,0,0.04,0.03,0.09,0.04,0.07,0.04,0.04,0.06,0.04,0.05,阳-,0.13,0.27,0.09,0.35,0.29,阴-,0.27,0.46,0.06,0.34,0.14,阳+,0.36,0.38,0.06,0.03,0.53,阴-,0.25,0.43,0.21,0.22,0.14,阴-,0.29,0.47,0.32,0.07,0.14
plant-based-yogurt,植物酸奶,植物酸奶,正式目录,卷十一,替代与新技术食品部,植物替代,fermented_food,R2,summary_frozen_R2,2026-09-24,jev-1.13.0,jev-tcm-reasoning-v0.4,jev-tcm-pilot-fixtures-v0.4,2026-09-25T09:04:49.284084+00:00,ddfd4b14c44fb65275297577dfd88fb90f85958d77daba6031963e79e9156673,references/entries/plant-based-yogurt/mapping.md,qa/jev-entry-batches/34-low-carb-and-modern-foods/raw/plant-based-yogurt.json,平,1,0,0,1,0,0,0.16,0.04,0.15,0.04,0.04,0.04,0.04,0.08,0.04,0.04,阴-,0.1,0.32,0.17,0.32,0.19,阴-,0.27,0.45,0.07,0.39,0.09,阳+,0.28,0.4,0.11,0.03,0.46,阴-,0.24,0.43,0.29,0.2,0.08,阴-,0.31,0.48,0.34,0.09,0.09
low-carb-bread,低碳面包,低碳面包,正式目录,卷十一,替代与新技术食品部,低糖低碳食品,processed_food,R2,summary_frozen_R2,2026-09-24,jev-1.13.0,jev-tcm-reasoning-v0.4,jev-tcm-pilot-fixtures-v0.4,2026-09-25T09:04:49.435380+00:00,fd0062a314802522cbb079c4be201259f5de12204a20f7d198b60778494eb962,references/entries/low-carb-bread/mapping.md,qa/jev-entry-batches/34-low-carb-and-modern-foods/raw/low-carb-bread.json,平,1,0,0,1,0,0,0.04,0.04,0.1,0.05,0.06,0.04,0.05,0.09,0.04,0.04,阳-,0.42,0.21,0.03,0.57,0.19,阳-,0.36,0.37,0.02,0.52,0.09,阴-,0.4,0.55,0.02,0.12,0.31,阴-,0.31,0.48,0.11,0.28,0.13,阴-,0.36,0.52,0.09,0.28,0.11
konjac-noodles,魔芋面,魔芋面,正式目录,卷十一,替代与新技术食品部,低糖低碳食品,processed_food,R2,summary_frozen_R2,2026-09-24,jev-1.13.0,jev-tcm-reasoning-v0.4,jev-tcm-pilot-fixtures-v0.4,2026-09-25T09:04:49.606161+00:00,19b6ad1cf0f8ab057189d3b214c97cbdc088cf571b85b07e71c8a4f10f4e350a,references/entries/konjac-noodles/mapping.md,qa/jev-entry-batches/34-low-carb-and-modern-foods/raw/konjac-noodles.json,平,0.98,0.01,0,0.99,0,0,0.05,0.05,0.1,0.05,0.08,0.04,0.05,0.15,0.06,0.05,阴-,0.38,0.53,0.04,0.31,0.12,阴-,0.55,0.66,0.02,0.28,0.03,阴-,0.85,0.89,0.02,0.01,0.08,阴-,0.69,0.76,0.12,0.08,0.04,阴-,0.86,0.9,0.04,0.04,0.02
tofu-noodles,豆腐面,豆腐面,正式目录,卷十一,替代与新技术食品部,低糖低碳食品,processed_food,R2,summary_frozen_R2,2026-09-24,jev-1.13.0,jev-tcm-reasoning-v0.4,jev-tcm-pilot-fixtures-v0.4,2026-09-25T09:04:49.776604+00:00,15678a4f446dd21038aeba05d684f12cb60086d201cdf45328235c63f29d7d73,references/entries/tofu-noodles/mapping.md,qa/jev-entry-batches/34-low-carb-and-modern-foods/raw/tofu-noodles.json,平,0.99,0,0,1,0,0,0.05,0.05,0.16,0.05,0.07,0.04,0.05,0.09,0.04,0.05,阳-,0.07,0.25,0.28,0.3,0.17,阴-,0.16,0.37,0.21,0.34,0.08,阳+,0.43,0.28,0.12,0.03,0.57,阴-,0.25,0.44,0.3,0.15,0.11,阴+,0.45,0.32,0.58,0.05,0.05
low-sugar-ice-cream,低糖冰淇淋,低糖冰淇淋,正式目录,卷十一,替代与新技术食品部,低糖低碳食品,processed_food,R2,summary_frozen_R2,2026-09-24,jev-1.13.0,jev-tcm-reasoning-v0.4,jev-tcm-pilot-fixtures-v0.4,2026-09-25T09:04:49.917870+00:00,0daa410d1d9748a2d21dd9db859a30d558e270c22643c7278eb5b7877e3b4e5f,references/entries/low-sugar-ice-cream/mapping.md,qa/jev-entry-batches/34-low-carb-and-modern-foods/raw/low-sugar-ice-cream.json,平,0.97,0.02,0,0.98,0,0,0.04,0.04,0.2,0.04,0.04,0.04,0.04,0.11,0.04,0.04,阳-,0.2,0.27,0.13,0.4,0.2,阳-,0.3,0.4,0.04,0.48,0.08,阴-,0.57,0.68,0.08,0.04,0.2,阴-,0.27,0.45,0.17,0.29,0.09,阴-,0.35,0.52,0.24,0.15,0.09
keto-dessert,生酮甜点,生酮甜点,正式目录,卷十一,替代与新技术食品部,低糖低碳食品,processed_food,R2,summary_frozen_R2,2026-09-24,jev-1.13.0,jev-tcm-reasoning-v0.4,jev-tcm-pilot-fixtures-v0.4,2026-09-25T09:04:50.059382+00:00,903df022bcb4d4fead2a2424044bf2989caf0b2beef4fc04e6042cfdf916391f,references/entries/keto-dessert/mapping.md,qa/jev-entry-batches/34-low-carb-and-modern-foods/raw/keto-dessert.json,平,1,0,0,1,0,0,0.04,0.04,0.18,0.04,0.04,0.04,0.04,0.09,0.04,0.04,阳-,0.14,0.26,0.05,0.36,0.33,阴-,0.24,0.42,0.05,0.39,0.14,阴-,0.51,0.63,0.04,0.06,0.27,阴-,0.29,0.47,0.14,0.26,0.13,阴-,0.47,0.6,0.1,0.13,0.17
low-sugar-chocolate,低糖巧克力,低糖巧克力,正式目录,卷十一,替代与新技术食品部,低糖低碳食品,processed_food,R2,summary_frozen_R2,2026-09-24,jev-1.13.0,jev-tcm-reasoning-v0.4,jev-tcm-pilot-fixtures-v0.4,2026-09-25T09:04:50.218880+00:00,8893215cd1520559ba6bd4184f93d607ae7cfaa57ad07d3c7cd8dc49c91d20e5,references/entries/low-sugar-chocolate/mapping.md,qa/jev-entry-batches/34-low-carb-and-modern-foods/raw/low-sugar-chocolate.json,平,0.99,0,0,1,0,0,0.05,0.16,0.25,0.05,0.05,0.05,0.05,0.11,0.04,0.04,阳-,0.26,0.21,0.14,0.44,0.21,阳-,0.37,0.34,0.07,0.52,0.07,阴-,0.65,0.75,0.03,0.03,0.19,阴-,0.23,0.43,0.14,0.36,0.07,阴-,0.44,0.58,0.15,0.16,0.11
freeze-dried-yogurt-bites,冻干酸奶块,冻干酸奶块,正式目录,卷十一,替代与新技术食品部,新加工食品,processed_food,R2,summary_frozen_R2,2026-09-24,jev-1.13.0,jev-tcm-reasoning-v0.4,jev-tcm-pilot-fixtures-v0.4,2026-09-25T09:04:50.345604+00:00,bffcb20b63cb7d85ec4dd8e833cbf2b919ff0f049297b3ccce6a6e1cd3d320f6,references/entries/freeze-dried-yogurt-bites/mapping.md,qa/jev-entry-batches/34-low-carb-and-modern-foods/raw/freeze-dried-yogurt-bites.json,平,1,0,0,1,0,0,0.14,0.04,0.27,0.04,0.05,0.04,0.04,0.09,0.04,0.04,阴+,0.05,0.25,0.29000000000000004,0.21,0.25,阴-,0.27,0.45,0.11,0.29,0.15,阳+,0.19,0.36,0.23,0.02,0.39,阴-,0.27,0.45,0.34,0.11,0.1,阴+,0.22,0.42,0.41,0.07,0.1
freeze-dried-coffee,冻干咖啡,冻干咖啡,正式目录,卷十一,替代与新技术食品部,新加工食品,beverage,R2,summary_frozen_R2,2026-09-24,jev-1.13.0,jev-tcm-reasoning-v0.4,jev-tcm-pilot-fixtures-v0.4,2026-09-25T09:04:50.502647+00:00,f07d53326ea546d101a318f7e33acb02dcd70a86494c0ade616038415ca09fab,references/entries/freeze-dried-coffee/mapping.md,qa/jev-entry-batches/34-low-carb-and-modern-foods/raw/freeze-dried-coffee.json,平,0.94,0,0.01,0.95,0.04,0,0.06,0.27,0.07,0.1,0.04,0.08,0.06,0.06,0.06,0.05,阳+,0.55,0.1,0.01,0.24,0.65,阳-,0.27,0.3,0.01,0.45,0.24,阴-,0.29,0.47,0.01,0.11,0.41,阴-,0.19,0.39,0.03,0.23,0.35,阴-,0.29,0.45999999999999996,0.02,0.19,0.33
ready-to-eat-chicken-breast,即食鸡胸肉,即食鸡胸肉,正式目录,卷十一,替代与新技术食品部,新加工食品,processed_food,R2,summary_frozen_R2,2026-09-24,jev-1.13.0,jev-tcm-reasoning-v0.4,jev-tcm-pilot-fixtures-v0.4,2026-09-25T09:04:50.627691+00:00,f0c83b6b3ab4b6fcddd6f50ecfc9d71d349f50d2fe53b0f99f727b0fbf881fa1,references/entries/ready-to-eat-chicken-breast/mapping.md,qa/jev-entry-batches/34-low-carb-and-modern-foods/raw/ready-to-eat-chicken-breast.json,平,0.98,0,0,0.98,0.02,0,0.04,0.04,0.13,0.06,0.15,0.04,0.04,0.1,0.04,0.04,阳+,0.47,0.09,0.15,0.16,0.6,阳+,0.09,0.28,0.14,0.26,0.32,阳+,0.77,0.12,0.03,0.02,0.83,阳+,0.17,0.32,0.15,0.15,0.38,阳+,0.18,0.31,0.23,0.07,0.39
ready-to-eat-brown-rice,即食糙米饭,即食糙米饭,正式目录,卷十一,替代与新技术食品部,新加工食品,processed_food,R2,summary_frozen_R2,2026-09-24,jev-1.13.0,jev-tcm-reasoning-v0.4,jev-tcm-pilot-fixtures-v0.4,2026-09-25T09:25:21.704160+00:00,681df5f2e3c6198ba73e3e1c39b0a73370c8fda638385ad9555c2684a17f9e1d,references/entries/ready-to-eat-brown-rice/mapping.md,qa/jev-entry-batches/35-new-foods-and-breakfast/raw/ready-to-eat-brown-rice.json,平,1,0,0,1,0,0,0.04,0.04,0.28,0.04,0.06,0.04,0.04,0.16,0.05,0.05,阳+,0.14,0.24,0.1,0.31,0.35,阴-,0.26,0.44,0.05,0.28,0.23,阳+,0.53,0.26,0.04,0.05,0.65,阴-,0.23,0.42,0.25,0.09,0.24,阴-,0.29,0.47,0.24,0.07,0.22
shelf-stable-meal-pouch,常温料理包,常温料理包,正式目录,卷十一,替代与新技术食品部,新加工食品,processed_food,R2,summary_frozen_R2,2026-09-24,jev-1.13.0,jev-tcm-reasoning-v0.4,jev-tcm-pilot-fixtures-v0.4,2026-09-25T09:25:22.038868+00:00,37448a106af01813b47ffccf945f00258d41b1e8eddbaa3b9f4f7bc40e59264f,references/entries/shelf-stable-meal-pouch/mapping.md,qa/jev-entry-batches/35-new-foods-and-breakfast/raw/shelf-stable-meal-pouch.json,平,1,0,0,1,0,0,0.06,0.04,0.06,0.04,0.07,0.04,0.04,0.05,0.03,0.04,阳-,0.26,0.26,0.04,0.44,0.26,阳-,0.38,0.37,0.02,0.53,0.08,阳+,0.35,0.4,0.02,0.07,0.51,阴-,0.27,0.45,0.05,0.38,0.12,阴-,0.38,0.53,0.06,0.18,0.23
3d-printed-food,3D打印食品,3D打印食品,正式目录,卷十一,替代与新技术食品部,新加工食品,processed_food,R2,summary_frozen_R2,2026-09-24,jev-1.13.0,jev-tcm-reasoning-v0.4,jev-tcm-pilot-fixtures-v0.4,2026-09-25T09:25:22.372908+00:00,37de500787d5cb7a5a09e6ac2922db15aad54499160f97c3acc859a5f442c6e4,references/entries/3d-printed-food/mapping.md,qa/jev-entry-batches/35-new-foods-and-breakfast/raw/3d-printed-food.json,平,1,0,0,1,0,0,0.04,0.04,0.06,0.04,0.04,0.03,0.03,0.05,0.04,0.04,阳-,0.3,0.22,0.05,0.47,0.26,阳-,0.41,0.33,0.02,0.56,0.09,阳+,0.33,0.38,0.05,0.08,0.49,阳-,0.22,0.38,0.1,0.41,0.11,阴-,0.34,0.51,0.09,0.22,0.18
cultivated-meat,细胞培养肉,细胞培养肉,正式目录,卷十一,替代与新技术食品部,未来食品,processed_food,R2,summary_frozen_R2,2026-09-24,jev-1.13.0,jev-tcm-reasoning-v0.4,jev-tcm-pilot-fixtures-v0.4,2026-09-25T09:25:22.701414+00:00,e76387cde27844fea7b7904fb809c1eaa1d860deded616848e7478ad97f75e6c,references/entries/cultivated-meat/mapping.md,qa/jev-entry-batches/35-new-foods-and-breakfast/raw/cultivated-meat.json,平,1,0,0,1,0,0,0.04,0.04,0.06,0.04,0.05,0.04,0.03,0.04,0.04,0.04,阳-,0.22,0.25,0.07,0.41,0.27,阳-,0.34,0.34,0.04,0.51,0.11,阳+,0.33,0.37,0.07,0.06,0.5,阴-,0.18,0.38,0.12,0.38,0.12,阴-,0.22,0.41,0.15,0.23,0.21
precision-fermented-dairy-protein,精密发酵乳蛋白食品,精密发酵乳蛋白食品,正式目录,卷十一,替代与新技术食品部,未来食品,processed_food,R2,summary_frozen_R2,2026-09-24,jev-1.13.0,jev-tcm-reasoning-v0.4,jev-tcm-pilot-fixtures-v0.4,2026-09-25T09:25:23.062550+00:00,3e9c4da81313d5401ea9bc287155a293bdff4d235d7b52c63f489480e97b9437,references/entries/precision-fermented-dairy-protein/mapping.md,qa/jev-entry-batches/35-new-foods-and-breakfast/raw/precision-fermented-dairy-protein.json,平,1,0,0,1,0,0,0.04,0.03,0.09,0.04,0.04,0.04,0.04,0.06,0.04,0.04,阳-,0.16,0.26,0.15,0.38,0.21,阳-,0.28,0.37,0.06,0.47000000000000003,0.1,阳+,0.23,0.28,0.25,0.05,0.42,阴-,0.16,0.37,0.29,0.25,0.09,阴-,0.2,0.41000000000000003,0.31,0.16,0.12
algae-protein-food,藻类蛋白食品,藻类蛋白食品,正式目录,卷十一,替代与新技术食品部,未来食品,processed_food,R2,summary_frozen_R2,2026-09-24,jev-1.13.0,jev-tcm-reasoning-v0.4,jev-tcm-pilot-fixtures-v0.4,2026-09-25T09:25:23.373006+00:00,15d6d2ee9ffe9d49d171197360e75116f212f5f8c4f446944d0433f289c5f02f,references/entries/algae-protein-food/mapping.md,qa/jev-entry-batches/35-new-foods-and-breakfast/raw/algae-protein-food.json,平,1,0,0,1,0,0,0.05,0.06,0.11,0.05,0.08,0.04,0.05,0.07,0.05,0.05,阳-,0.01,0.25,0.23,0.26,0.26,阴-,0.25,0.44,0.18,0.28,0.1,阳+,0.44,0.26,0.12,0.04,0.58,阴-,0.22,0.42,0.27,0.22,0.09,阴+,0.23,0.4,0.43,0.09,0.08
insect-protein-food,昆虫蛋白食品,昆虫蛋白食品,正式目录,卷十一,替代与新技术食品部,未来食品,processed_food,R2,summary_frozen_R2,2026-09-24,jev-1.13.0,jev-tcm-reasoning-v0.4,jev-tcm-pilot-fixtures-v0.4,2026-09-25T09:25:23.690492+00:00,32df38ce76eac82d68cc89430b27068982497efa263bbf27ab8d634af52639e1,references/entries/insect-protein-food/mapping.md,qa/jev-entry-batches/35-new-foods-and-breakfast/raw/insect-protein-food.json,平,1,0,0,1,0,0,0.04,0.04,0.08,0.05,0.04,0.04,0.04,0.06,0.04,0.04,阳-,0.14,0.24,0.11,0.36,0.29,阳-,0.21,0.4,0.04,0.41,0.15,阳+,0.38,0.33,0.1,0.04,0.53,阴-,0.25,0.43,0.11,0.32,0.14,阴-,0.28,0.46,0.25,0.13,0.16
latte-with-bread,拿铁加面包,拿铁加面包,正式目录,卷十二,食方与生活场景部,早餐,meal_scene,R2,summary_frozen_R2,2026-09-24,jev-1.13.0,jev-tcm-reasoning-v0.4,jev-tcm-pilot-fixtures-v0.4,2026-09-25T09:25:23.976648+00:00,c04fd70a293d3eed4cbf7d3afaf0ef131cc34524f64b2a829218629e9f5b74e8,references/entries/latte-with-bread/mapping.md,qa/jev-entry-batches/35-new-foods-and-breakfast/raw/latte-with-bread.json,平,0.98,0,0,0.99,0.01,0,0.04,0.13,0.24,0.07,0.04,0.07,0.05,0.08,0.04,0.04,阳+,0.54,0.1,0.02,0.23,0.65,阳-,0.3,0.3,0.02,0.47,0.21,阴-,0.24,0.43,0.11,0.09,0.37,阴-,0.16,0.37,0.08,0.33,0.22,阴-,0.2,0.41000000000000003,0.11,0.26,0.22
sweetened-cereal-with-milk,甜味早餐谷物配奶,甜味早餐谷物配奶,正式目录,卷十二,食方与生活场景部,早餐,meal_scene,R2,summary_frozen_R2,2026-09-24,jev-1.13.0,jev-tcm-reasoning-v0.4,jev-tcm-pilot-fixtures-v0.4,2026-09-25T09:25:26.714346+00:00,4142643e4bcd58130aca6ca7c22b2635e37b98aa7bc4a284904e1548ee4a5ce9,references/entries/sweetened-cereal-with-milk/mapping.md,qa/jev-entry-batches/35-new-foods-and-breakfast/raw/sweetened-cereal-with-milk.json,平,1,0,0,1,0,0,0.04,0.04,0.44,0.04,0.05,0.04,0.04,0.12,0.04,0.04,阳+,0.1,0.2,0.31,0.16,0.33,阴-,0.25,0.43,0.07,0.31,0.19,阳+,0.56,0.24,0.07,0.02,0.67,阴+,0.17,0.37,0.37,0.06,0.2,阴+,0.41,0.32,0.56,0.04,0.08
yogurt-fruit-bowl,酸奶水果碗,酸奶水果碗,正式目录,卷十二,食方与生活场景部,早餐,meal_scene,R2,summary_frozen_R2,2026-09-24,jev-1.13.0,jev-tcm-reasoning-v0.4,jev-tcm-pilot-fixtures-v0.4,2026-09-25T09:25:27.002341+00:00,a80299b71d3fd9d9575d1d35cfeabdacc520b6764a29407d2ae727cf0751a3ef,references/entries/yogurt-fruit-bowl/mapping.md,qa/jev-entry-batches/35-new-foods-and-breakfast/raw/yogurt-fruit-bowl.json,平,0.82,0.03,0.12,0.85,0,0,0.16,0.04,0.37,0.04,0.04,0.04,0.05,0.1,0.04,0.04,阴+,0.15,0.23,0.36,0.26,0.15,阴-,0.2,0.4,0.24,0.29,0.07,阳+,0.23,0.34,0.21,0.02,0.43,阴+,0.38,0.29,0.54,0.13,0.04,阴+,0.36,0.39,0.52,0.05,0.04
protein-shake-breakfast,蛋白奶昔早餐,蛋白奶昔早餐,正式目录,卷十二,食方与生活场景部,早餐,meal_scene,R2,summary_frozen_R2,2026-09-25,jev-1.13.0,jev-tcm-reasoning-v0.4,jev-tcm-pilot-fixtures-v0.4,2026-09-25T09:32:58.877953+00:00,032cd2b372f3bb9b80fb8d13c99f4c789ccc0a0fd4069efbb029a73273cf1ce0,references/entries/protein-shake-breakfast/mapping.md,qa/jev-entry-batches/36-afternoon-and-night-scenes/raw/protein-shake-breakfast.json,平,1,0,0,1,0,0,0.05,0.04,0.22,0.04,0.05,0.04,0.04,0.12,0.04,0.05,阳+,0.11,0.19,0.15,0.32,0.34,阳-,0.18,0.35,0.05,0.38,0.22,阳+,0.43,0.31,0.07,0.05,0.57,阴-,0.14,0.36,0.3,0.21,0.13,阴-,0.22,0.42,0.3,0.1,0.18
overnight-oats-cup,隔夜燕麦杯,隔夜燕麦杯,正式目录,卷十二,食方与生活场景部,早餐,meal_scene,R2,summary_frozen_R2,2026-09-25,jev-1.13.0,jev-tcm-reasoning-v0.4,jev-tcm-pilot-fixtures-v0.4,2026-09-25T09:32:59.321276+00:00,84cfd2170b8b8f5c0a237faa33cc78c5c4b266435258de85f677481ef12c9793,references/entries/overnight-oats-cup/mapping.md,qa/jev-entry-batches/36-afternoon-and-night-scenes/raw/overnight-oats-cup.json,平,0.89,0.01,0.08,0.91,0,0,0.05,0.04,0.34,0.04,0.05,0.04,0.04,0.16,0.05,0.04,阳-,0.17,0.25,0.18,0.37,0.2,阳-,0.21,0.39,0.07,0.41,0.13,阳+,0.57,0.22,0.07,0.03,0.68,阴+,0.22,0.34,0.41,0.15,0.1,阴-,0.3,0.47,0.35,0.08,0.1
milk-tea-with-cake,奶茶配蛋糕,奶茶配蛋糕,正式目录,卷十二,食方与生活场景部,下午茶,meal_scene,R2,summary_frozen_R2,2026-09-25,jev-1.13.0,jev-tcm-reasoning-v0.4,jev-tcm-pilot-fixtures-v0.4,2026-09-25T09:32:59.783241+00:00,13dd8ba12ed50456e27e97cac06e526bb4d474f93e53f4cc981b424f0483ada5,references/entries/milk-tea-with-cake/mapping.md,qa/jev-entry-batches/36-afternoon-and-night-scenes/raw/milk-tea-with-cake.json,平,0.99,0,0,1,0,0,0.05,0.08,0.29,0.06,0.04,0.06,0.04,0.08,0.05,0.04,阳-,0.22,0.2,0.06,0.41,0.33,阳-,0.36,0.35,0.03,0.52,0.1,阴-,0.26,0.44,0.1,0.05,0.41,阳-,0.24,0.35,0.12,0.43,0.1,阴-,0.39,0.55,0.14,0.14,0.17
coffee-with-cookies,咖啡配曲奇,咖啡配曲奇,正式目录,卷十二,食方与生活场景部,下午茶,meal_scene,R2,summary_frozen_R2,2026-09-25,jev-1.13.0,jev-tcm-reasoning-v0.4,jev-tcm-pilot-fixtures-v0.4,2026-09-25T09:33:00.209053+00:00,055982a22b083bfb8981e9826ce1610d7812f2057caab31d49181eb0f0e753e0,references/entries/coffee-with-cookies/mapping.md,qa/jev-entry-batches/36-afternoon-and-night-scenes/raw/coffee-with-cookies.json,平,0.98,0,0,0.99,0.01,0,0.05,0.16,0.28,0.08,0.04,0.08,0.05,0.08,0.05,0.04,阳+,0.65,0.08,0.01,0.17,0.74,阳-,0.3,0.26,0.01,0.48,0.25,阳+,0.26,0.41,0.09,0.06,0.44,阴-,0.11,0.33,0.04,0.3,0.33,阴-,0.18,0.39,0.03,0.23,0.35
coffee-with-chocolate,咖啡配巧克力,咖啡配巧克力,正式目录,卷十二,食方与生活场景部,下午茶,meal_scene,R2,summary_frozen_R2,2026-09-25,jev-1.13.0,jev-tcm-reasoning-v0.4,jev-tcm-pilot-fixtures-v0.4,2026-09-25T09:33:00.698641+00:00,35e014aa7b9b1142088bf944e74a92d1f77a77243e61bb0468ff98df43ca57a1,references/entries/coffee-with-chocolate/mapping.md,qa/jev-entry-batches/36-afternoon-and-night-scenes/raw/coffee-with-chocolate.json,平,0.98,0,0,0.99,0.01,0,0.05,0.15,0.19,0.07,0.04,0.09,0.05,0.05,0.05,0.05,阳+,0.53,0.1,0.01,0.24,0.65,阳-,0.33,0.28,0.02,0.5,0.2,阴-,0.25,0.44,0.05,0.12,0.39,阳-,0.17,0.29,0.04,0.38,0.29,阴-,0.19,0.39,0.04,0.24,0.33
fruit-tea-with-dessert,水果茶配甜点,水果茶配甜点,正式目录,卷十二,食方与生活场景部,下午茶,meal_scene,R2,summary_frozen_R2,2026-09-25,jev-1.13.0,jev-tcm-reasoning-v0.4,jev-tcm-pilot-fixtures-v0.4,2026-09-25T09:33:01.174027+00:00,3c8a3eeaa3ad14c6c4c5b5fc7d718d8275d6437a845b69139004611ae3498255,references/entries/fruit-tea-with-dessert/mapping.md,qa/jev-entry-batches/36-afternoon-and-night-scenes/raw/fruit-tea-with-dessert.json,平,1,0,0,1,0,0,0.07,0.05,0.33,0.04,0.04,0.04,0.04,0.07,0.05,0.04,阳-,0.27,0.28,0.08,0.46,0.18,阳-,0.26,0.41,0.08,0.45,0.06,阴-,0.42,0.57,0.07,0.05,0.31,阴-,0.18,0.38,0.21,0.33,0.08,阴-,0.47,0.61,0.15,0.14,0.1
late-night-instant-noodles,夜宵方便面,夜宵方便面,正式目录,卷十二,食方与生活场景部,夜食,meal_scene,R2,summary_frozen_R2,2026-09-25,jev-1.13.0,jev-tcm-reasoning-v0.4,jev-tcm-pilot-fixtures-v0.4,2026-09-25T09:33:01.608343+00:00,2d6b8d9a17b9be4926ede51cbe9ea988d07014da9338e7956905bae52c9dc0e8,references/entries/late-night-instant-noodles/mapping.md,qa/jev-entry-batches/36-afternoon-and-night-scenes/raw/late-night-instant-noodles.json,平,0.99,0,0,1,0,0,0.04,0.04,0.07,0.07,0.15,0.05,0.04,0.07,0.04,0.04,阳-,0.23,0.22,0.02,0.42,0.34,阳-,0.27,0.4,0.02,0.45,0.13,阴-,0.29,0.47,0.02,0.06,0.45,阴-,0.33,0.5,0.04,0.29,0.17,阴-,0.41,0.55,0.04,0.22,0.19
late-night-barbecue,夜间烧烤,夜间烧烤,正式目录,卷十二,食方与生活场景部,夜食,meal_scene,R2,summary_frozen_R2,2026-09-25,jev-1.13.0,jev-tcm-reasoning-v0.4,jev-tcm-pilot-fixtures-v0.4,2026-09-25T09:33:02.048084+00:00,3b244a2dd938d8fc3991a93e920ce30cf5504134d425f95a822f387d1a8d9357,references/entries/late-night-barbecue/mapping.md,qa/jev-entry-batches/36-afternoon-and-night-scenes/raw/late-night-barbecue.json,平,0.92,0,0,0.94,0,0.06,0.04,0.05,0.05,0.05,0.05,0.05,0.05,0.06,0.04,0.04,阳-,0.33,0.24,0.03,0.49,0.24,阳-,0.43,0.35,0.01,0.57,0.07,阴-,0.39,0.54,0.02,0.17,0.27,阳-,0.26,0.43,0.04,0.45,0.08,阴-,0.34,0.5,0.04,0.3,0.16
late-night-hotpot,火锅夜宵,火锅夜宵,正式目录,卷十二,食方与生活场景部,夜食,meal_scene,R2,summary_frozen_R2,2026-09-25,jev-1.13.0,jev-tcm-reasoning-v0.4,jev-tcm-pilot-fixtures-v0.4,2026-09-25T09:33:02.507979+00:00,39d84309c6f73a64c18d2313cda001bcf56f66dbca1df72b091eff837e8222b0,references/entries/late-night-hotpot/mapping.md,qa/jev-entry-batches/36-afternoon-and-night-scenes/raw/late-night-hotpot.json,平,0.93,0,0,0.94,0.02,0.04,0.04,0.05,0.07,0.09,0.17,0.04,0.04,0.06,0.04,0.04,阳+,0.17,0.21,0.03,0.38,0.38,阳-,0.27,0.36,0.01,0.46,0.17,阴-,0.35,0.51,0.02,0.05,0.42,阴-,0.43,0.57,0.06,0.23,0.14,阴-,0.36,0.52,0.03,0.16,0.29
chips-while-watching,追剧薯片,追剧薯片,正式目录,卷十二,食方与生活场景部,夜食,meal_scene,R2,summary_frozen_R2,2026-09-25,jev-1.13.0,jev-tcm-reasoning-v0.4,jev-tcm-pilot-fixtures-v0.4,2026-09-25T09:33:02.930655+00:00,6ba4e39ff6c182b0f8659722402b4065ca76ba9fee24662a52a5f16f3f336246,references/entries/chips-while-watching/mapping.md,qa/jev-entry-batches/36-afternoon-and-night-scenes/raw/chips-while-watching.json,平,1,0,0,1,0,0,0.04,0.03,0.09,0.05,0.41,0.05,0.04,0.08,0.04,0.04,阳-,0.13,0.3,0.03,0.35,0.32,阴-,0.25,0.44,0.02,0.4,0.14,阴-,0.4,0.55,0.02,0.04,0.39,阴-,0.38,0.54,0.05,0.23,0.18,阴-,0.54,0.66,0.04,0.12,0.18
late-night-dessert,夜间甜品,夜间甜品,正式目录,卷十二,食方与生活场景部,夜食,meal_scene,R2,summary_frozen_R2,2026-09-25,jev-1.13.0,jev-tcm-reasoning-v0.4,jev-tcm-pilot-fixtures-v0.4,2026-09-25T09:44:05.298212+00:00,d3b36146de3f769ea4c74bac247f9fe4109b6ccf6468273d366c09951d447857,references/entries/late-night-dessert/mapping.md,qa/jev-entry-batches/37-office-and-fitness-scenes/raw/late-night-dessert.json,平,0.99,0.01,0,0.99,0,0,0.04,0.04,0.3,0.04,0.04,0.05,0.04,0.1,0.04,0.04,阳-,0.08,0.26,0.19,0.31,0.24,阴-,0.21,0.39999999999999997,0.1,0.38,0.12,阴-,0.28,0.46,0.2,0.07,0.27,阴-,0.29,0.47,0.18,0.26,0.09,阴-,0.39,0.54,0.2,0.14,0.12
late-night-coffee,深夜咖啡,深夜咖啡,正式目录,卷十二,食方与生活场景部,夜食,meal_scene,R2,summary_frozen_R2,2026-09-25,jev-1.13.0,jev-tcm-reasoning-v0.4,jev-tcm-pilot-fixtures-v0.4,2026-09-25T09:44:05.484071+00:00,37eba200409e8513f6d4e224c25f0daf23ef01dbb06bdeccad607b9606f3707f,references/entries/late-night-coffee/mapping.md,qa/jev-entry-batches/37-office-and-fitness-scenes/raw/late-night-coffee.json,平,0.78,0,0.01,0.83,0.1,0.06,0.05,0.18,0.07,0.09,0.04,0.14,0.07,0.05,0.06,0.06,阳+,0.76,0.05,0,0.13,0.82,阳+,0.4,0.13,0.01,0.32,0.54,阳+,0.2,0.34,0.02,0.24,0.4,阳+,0.29,0.27,0.02,0.25,0.46,阳+,0.26,0.32,0.02,0.21,0.45
late-night-milk-tea,深夜奶茶,深夜奶茶,正式目录,卷十二,食方与生活场景部,夜食,meal_scene,R2,summary_frozen_R2,2026-09-25,jev-1.13.0,jev-tcm-reasoning-v0.4,jev-tcm-pilot-fixtures-v0.4,2026-09-25T09:44:05.715632+00:00,5c9a04db101d533adf02d103aee63fac2c2e3ada6bea231d195e01e05596497b,references/entries/late-night-milk-tea/mapping.md,qa/jev-entry-batches/37-office-and-fitness-scenes/raw/late-night-milk-tea.json,平,0.98,0,0.01,0.97,0.01,0.01,0.04,0.08,0.27,0.06,0.04,0.1,0.05,0.07,0.06,0.05,阳+,0.49,0.08,0.02,0.28,0.62,阳-,0.44,0.26,0.02,0.57,0.15,阴-,0.19,0.38,0.21,0.07,0.34,阳-,0.22,0.31,0.06,0.42,0.21,阴-,0.18,0.38,0.1,0.38,0.14
office-nuts,办公室坚果,办公室坚果,正式目录,卷十二,食方与生活场景部,办公室与通勤,meal_scene,R2,summary_frozen_R2,2026-09-25,jev-1.13.0,jev-tcm-reasoning-v0.4,jev-tcm-pilot-fixtures-v0.4,2026-09-25T09:44:05.898263+00:00,a3d741f361a773a28fdfccde657d0a7bc949b1af4617e999d38a15b24f5e5e9a,references/entries/office-nuts/mapping.md,qa/jev-entry-batches/37-office-and-fitness-scenes/raw/office-nuts.json,平,0.99,0,0,0.99,0.01,0,0.06,0.05,0.2,0.06,0.07,0.05,0.06,0.15,0.05,0.07,阴+,0.04,0.23,0.29000000000000004,0.25,0.23,阴+,0.1,0.31,0.32,0.24,0.13,阳+,0.31,0.31,0.16,0.04,0.49,阴+,0.31,0.35,0.48,0.06,0.11,阴+,0.38,0.34,0.52,0.05,0.09
energy-bar-meal-replacement,能量棒代餐,能量棒代餐,正式目录,卷十二,食方与生活场景部,办公室与通勤,meal_scene,R2,summary_frozen_R2,2026-09-25,jev-1.13.0,jev-tcm-reasoning-v0.4,jev-tcm-pilot-fixtures-v0.4,2026-09-25T09:44:06.072998+00:00,a9f4c1032a9e633596e7133da8e7ff165ba8ae5e1379457f359fb0ffa66ebbcd,references/entries/energy-bar-meal-replacement/mapping.md,qa/jev-entry-batches/37-office-and-fitness-scenes/raw/energy-bar-meal-replacement.json,平,1,0,0,1,0,0,0.05,0.04,0.12,0.04,0.04,0.04,0.04,0.1,0.04,0.04,阳+,0.16,0.23,0.05,0.34,0.38,阴-,0.3,0.47,0.02,0.35,0.16,阴-,0.29,0.47,0.03,0.03,0.47,阴-,0.31,0.48,0.15,0.21,0.16,阴-,0.53,0.65,0.08,0.1,0.17
commute-coffee,通勤咖啡,通勤咖啡,正式目录,卷十二,食方与生活场景部,办公室与通勤,meal_scene,R2,summary_frozen_R2,2026-09-25,jev-1.13.0,jev-tcm-reasoning-v0.4,jev-tcm-pilot-fixtures-v0.4,2026-09-25T09:44:06.271324+00:00,63387f6bdd18bc026230b1477d0e755a2b7e668e8de45ed7cff8a115c23b4d04,references/entries/commute-coffee/mapping.md,qa/jev-entry-batches/37-office-and-fitness-scenes/raw/commute-coffee.json,平,0.79,0,0,0.84,0.15,0.01,0.04,0.19,0.07,0.11,0.04,0.12,0.06,0.05,0.05,0.05,阳+,0.9,0.02,0,0.06,0.92,阳+,0.59,0.1,0,0.21,0.69,阳+,0.51,0.26,0.01,0.09,0.64,阳+,0.54,0.16,0.01,0.18,0.65,阳+,0.52,0.21,0.01,0.14,0.64
meeting-snacks,会议零食,会议零食,正式目录,卷十二,食方与生活场景部,办公室与通勤,meal_scene,R2,summary_frozen_R2,2026-09-25,jev-1.13.0,jev-tcm-reasoning-v0.4,jev-tcm-pilot-fixtures-v0.4,2026-09-25T09:44:06.448650+00:00,315bf220890dae842f61d49a6c23b218d5803666ec78561dc7a9edf2521dcb7f,references/entries/meeting-snacks/mapping.md,qa/jev-entry-batches/37-office-and-fitness-scenes/raw/meeting-snacks.json,平,1,0,0,1,0,0,0.04,0.04,0.08,0.04,0.05,0.03,0.04,0.06,0.04,0.03,阳-,0.09,0.31,0.13,0.32,0.24,阴-,0.23,0.43,0.08,0.4,0.09,阳+,0.27,0.38,0.13,0.04,0.45,阴-,0.24,0.43,0.2,0.24,0.13,阴-,0.48,0.6,0.13,0.13,0.14
bottled-meal-replacement,瓶装代餐,瓶装代餐,正式目录,卷十二,食方与生活场景部,办公室与通勤,meal_scene,R2,summary_frozen_R2,2026-09-25,jev-1.13.0,jev-tcm-reasoning-v0.4,jev-tcm-pilot-fixtures-v0.4,2026-09-25T09:44:06.664081+00:00,d1128af753a8a39b6897103ab59ee176367bd637ac4cec40e06ca515fdbf7583,references/entries/bottled-meal-replacement/mapping.md,qa/jev-entry-batches/37-office-and-fitness-scenes/raw/bottled-meal-replacement.json,平,1,0,0,1,0,0,0.04,0.04,0.13,0.04,0.04,0.04,0.04,0.1,0.04,0.04,阳+,0.06,0.26,0.16,0.29,0.29,阴-,0.21,0.42,0.04,0.39,0.15,阳+,0.35,0.38,0.07,0.04,0.51,阴-,0.24,0.43,0.2,0.2,0.17,阴-,0.41,0.56,0.14,0.15,0.15
vending-machine-snacks,自动售货机零食,自动售货机零食,正式目录,卷十二,食方与生活场景部,办公室与通勤,meal_scene,R2,summary_frozen_R2,2026-09-25,jev-1.13.0,jev-tcm-reasoning-v0.4,jev-tcm-pilot-fixtures-v0.4,2026-09-25T09:44:06.849531+00:00,54f6106446214e329cb1ad9a36f3b8903b7006a44fa15f4f8aa145009bef82f1,references/entries/vending-machine-snacks/mapping.md,qa/jev-entry-batches/37-office-and-fitness-scenes/raw/vending-machine-snacks.json,平,1,0,0,1,0,0,0.04,0.03,0.08,0.04,0.04,0.04,0.03,0.06,0.03,0.04,阳-,0.25,0.3,0.05,0.44,0.21,阳-,0.3,0.42,0.03,0.47,0.08,阴-,0.32,0.49,0.03,0.09,0.39,阴-,0.23,0.42,0.1,0.38,0.1,阴-,0.43,0.5599999999999999,0.08,0.2,0.16
pre-workout-coffee,训练前咖啡,训练前咖啡,正式目录,卷十二,食方与生活场景部,健身场景,meal_scene,R2,summary_frozen_R2,2026-09-25,jev-1.13.0,jev-tcm-reasoning-v0.4,jev-tcm-pilot-fixtures-v0.4,2026-09-25T09:44:07.034681+00:00,b90d5109f9947bd03e0dec24c20b762cbc692ab0a5c69bf621abc50272544789,references/entries/pre-workout-coffee/mapping.md,qa/jev-entry-batches/37-office-and-fitness-scenes/raw/pre-workout-coffee.json,平,0.85,0,0.01,0.88,0.1,0.01,0.05,0.18,0.07,0.11,0.04,0.16,0.07,0.05,0.05,0.06,阳+,0.78,0.02,0,0.14,0.84,阳+,0.32,0.17,0.01,0.34,0.48,阳+,0.34,0.32,0.01,0.17,0.5,阳+,0.31,0.24,0.02,0.26,0.48,阳+,0.24,0.31,0.02,0.24,0.43
post-workout-protein-shake,训练后蛋白奶昔,训练后蛋白奶昔,正式目录,卷十二,食方与生活场景部,健身场景,meal_scene,R2,summary_frozen_R2,2026-09-25,jev-1.13.0,jev-tcm-reasoning-v0.4,jev-tcm-pilot-fixtures-v0.4,2026-09-25T09:51:17.398737+00:00,21077d5d5fe4c3c841ad550b759b34001d7068414e16a728929370fc5f963ff1,references/entries/post-workout-protein-shake/mapping.md,qa/jev-entry-batches/38-final-fitness-scenes/raw/post-workout-protein-shake.json,平,1,0,0,1,0,0,0.05,0.04,0.24,0.04,0.05,0.05,0.05,0.14,0.05,0.08,阳+,0.44,0.05,0.29,0.08,0.58,阳+,0.3,0.21,0.19,0.12,0.48,阳+,0.8,0.05,0.09,0.01,0.85,阴+,0.18,0.26,0.39,0.06,0.29,阴+,0.51,0.11,0.63,0.03,0.23
sports-electrolyte-drink,电解质饮料配运动,电解质饮料配运动,正式目录,卷十二,食方与生活场景部,健身场景,meal_scene,R2,summary_frozen_R2,2026-09-25,jev-1.13.0,jev-tcm-reasoning-v0.4,jev-tcm-pilot-fixtures-v0.4,2026-09-25T09:51:17.814903+00:00,dc2c8c4807a137e9ad56989a2b1a57485bcad4d70c222f67ef001be3d4a82429,references/entries/sports-electrolyte-drink/mapping.md,qa/jev-entry-batches/38-final-fitness-scenes/raw/sports-electrolyte-drink.json,平,0.99,0,0,1,0,0,0.05,0.04,0.15,0.06,0.28,0.05,0.05,0.09,0.06,0.15,阴+,0.25,0.29,0.45,0.12,0.14,阴-,0.34,0.51,0.17,0.25,0.07,阴-,0.29,0.47,0.3,0.01,0.22,阴+,0.38,0.35,0.53,0.08,0.04,阴+,0.31,0.46,0.49,0.01,0.04
high-protein-yogurt-snack,高蛋白酸奶加餐,高蛋白酸奶加餐,正式目录,卷十二,食方与生活场景部,健身场景,meal_scene,R2,summary_frozen_R2,2026-09-25,jev-1.13.0,jev-tcm-reasoning-v0.4,jev-tcm-pilot-fixtures-v0.4,2026-09-25T09:51:18.252398+00:00,9616b2522bec92cdd862e4085b2571f5b937c2ca3d53381ab744b2c0d71f3a19,references/entries/high-protein-yogurt-snack/mapping.md,qa/jev-entry-batches/38-final-fitness-scenes/raw/high-protein-yogurt-snack.json,平,0.99,0,0,1,0,0,0.15,0.04,0.28,0.04,0.06,0.06,0.05,0.14,0.05,0.08,阳+,0.37,0.11,0.3,0.06,0.53,阳+,0.22,0.28,0.16,0.14,0.42,阳+,0.78,0.06,0.1,0.01,0.83,阴+,0.36,0.21,0.51,0.06,0.22,阴+,0.43,0.12,0.58,0.02,0.28
paper-filtered-coffee,纸滤手冲黑咖啡,,目录外补条,卷一,饮品部,咖啡诸品（目录外研究子条）,beverage,R1,summary_frozen_R1,2026-09-24,jev-1.13.0,jev-tcm-reasoning-v0.4,jev-tcm-pilot-fixtures-v0.4,2026-09-24T07:09:09.896529+00:00,3068c12ed84d927370987d205f02d24d4dfce5b4e94ae6552fa1a1362961f4eb,references/entries/paper-filtered-coffee/mapping.md,qa/jev-ten-batch/raw/paper-filtered-coffee.json,平,0.65,0.01,0.03,0.71,0.23,0.02,0.08,0.48,0.07,0.18,0.04,0.34,0.12,0.08,0.1,0.09,阳+,0.87,0.02,0,0.08,0.9,阳+,0.31,0.2,0.01,0.31,0.48,阳+,0.27,0.4,0.01,0.13,0.46,阳+,0.38,0.25,0.02,0.21,0.52,阳+,0.24,0.38,0.01,0.18,0.43
